/*
SQLyog Ultimate v9.20 
MySQL - 5.5.27-log : Database - silabus
*********************************************************************
*/

/*!40101 SET NAMES utf8 */;

/*!40101 SET SQL_MODE=''*/;

/*!40014 SET @OLD_UNIQUE_CHECKS=@@UNIQUE_CHECKS, UNIQUE_CHECKS=0 */;
/*!40014 SET @OLD_FOREIGN_KEY_CHECKS=@@FOREIGN_KEY_CHECKS, FOREIGN_KEY_CHECKS=0 */;
/*!40101 SET @OLD_SQL_MODE=@@SQL_MODE, SQL_MODE='NO_AUTO_VALUE_ON_ZERO' */;
/*!40111 SET @OLD_SQL_NOTES=@@SQL_NOTES, SQL_NOTES=0 */;
CREATE DATABASE /*!32312 IF NOT EXISTS*/`silabus` /*!40100 DEFAULT CHARACTER SET latin1 */;

USE `silabus`;

/*Table structure for table `achievement_indicators` */

DROP TABLE IF EXISTS `achievement_indicators`;

CREATE TABLE `achievement_indicators` (
  `id` bigint(20) NOT NULL AUTO_INCREMENT,
  `content` text,
  `meeting_id` bigint(20) DEFAULT NULL,
  PRIMARY KEY (`id`)
) ENGINE=InnoDB AUTO_INCREMENT=18 DEFAULT CHARSET=latin1;

/*Data for the table `achievement_indicators` */

insert  into `achievement_indicators`(`id`,`content`,`meeting_id`) values (3,'Indikator Pencapaian 1',18),(8,'Indikator Pencapaian 2',18),(9,'Indikator Pencapaian 3',18),(10,'Mahasiswa dapat menjelaskan bagian - bagian dari sad ripu dan menerapkan dalam kehidupan sehari - hari',20),(11,'Menjelaskan pengertian algortima, dasar-dasar algoritma, dan mengimplementasikan aturan penulisan teks algoritma',22),(14,'a.	Mengerti berbagai jenis tipe data, variabel, dan konstanta serta pemakaiannya dalam algoritma',23),(15,'b.	Mengetahui dan memahami operator aritmetika dan logika dan penggunaannya dalam algoritma',23),(16,'1.	Memahami Kerangka Analisis dan Desain Sistem',24),(17,'2.	Memahami para pemain',24);

/*Table structure for table `configs` */

DROP TABLE IF EXISTS `configs`;

CREATE TABLE `configs` (
  `id` bigint(20) NOT NULL AUTO_INCREMENT,
  `key` varchar(255) DEFAULT NULL,
  `value` longtext,
  PRIMARY KEY (`id`)
) ENGINE=InnoDB AUTO_INCREMENT=3 DEFAULT CHARSET=latin1;

/*Data for the table `configs` */

insert  into `configs`(`id`,`key`,`value`) values (1,'halaman_informasi','<p class=\"MsoListParagraphCxSpLast\" style=\"margin-left:54.0pt;mso-add-space:auto\"><span style=\"font-size: 18px;\"><br></span></p><p class=\"MsoNormal\" style=\"margin-bottom: 0.0001pt; line-height: 150%; background-position: initial initial; background-repeat: initial initial;\"><span style=\"font-size: 10.5pt; line-height: 150%; font-family: \'Open Sans\', sans-serif;\">Tentang Manajemen Silabus dan SAP<o:p></o:p></span></p><p class=\"MsoNormal\" style=\"margin-bottom: 0.0001pt; line-height: 150%; background-position: initial initial; background-repeat: initial initial;\"><span style=\"font-size: 10.5pt; line-height: 150%; font-family: \'Open Sans\', sans-serif;\">Manajemen Silabus dan SAP merupakan sebuah sistem informasi\nuntuk mengatur sebuah silabus dan SAP dalam perguruan tinggi. Dengan adanya\nsistem informasi ini, diharapkan para dosen bisa terbantu untuk mengatur segala\naktivitasnya dalam pembuatan silabus dan SAP.<o:p></o:p></span></p><p class=\"MsoNormal\" style=\"margin-bottom: 0.0001pt; line-height: 150%; background-position: initial initial; background-repeat: initial initial;\"><span style=\"font-size: 10.5pt; line-height: 150%; font-family: \'Open Sans\', sans-serif;\">Menu yang tersedia dalam sistem ini :<o:p></o:p></span></p><p class=\"MsoNormal\" style=\"margin: 0cm 0cm 0.0001pt 21.3pt; text-indent: -18pt; line-height: 150%; background-position: initial initial; background-repeat: initial initial;\"><span style=\"font-size: 10.5pt; line-height: 150%; font-family: \'Open Sans\', sans-serif;\">1.&nbsp;Dashboard<o:p></o:p></span></p><p class=\"MsoNormal\" style=\"margin: 0cm 0cm 0.0001pt 21.3pt; text-indent: -18pt; line-height: 150%; background-position: initial initial; background-repeat: initial initial;\"><span style=\"font-size: 10.5pt; line-height: 150%; font-family: \'Open Sans\', sans-serif;\">&nbsp;\n&nbsp;&nbsp;Halaman ini berisi informasi umum mengenai halaman yang bisa dituju\noleh dosen.<o:p></o:p></span></p><p class=\"MsoNormal\" style=\"margin: 0cm 0cm 0.0001pt 21.3pt; text-indent: -18pt; line-height: 150%; background-position: initial initial; background-repeat: initial initial;\"><span style=\"font-size: 10.5pt; line-height: 150%; font-family: \'Open Sans\', sans-serif;\">2.&nbsp;Akademik<o:p></o:p></span></p><p class=\"MsoNormal\" style=\"margin: 0cm 0cm 0.0001pt 21.3pt; text-indent: -18pt; line-height: 150%; background-position: initial initial; background-repeat: initial initial;\"><span style=\"font-size: 10.5pt; line-height: 150%; font-family: \'Open Sans\', sans-serif;\">&nbsp;\n&nbsp; Menu akademik ada di setiap halaman dan terdapat beberapa submenu\ndidalamnya.<o:p></o:p></span></p><p class=\"MsoNormal\" style=\"margin: 0cm 0cm 0.0001pt 21.3pt; text-indent: -7.1pt; line-height: 150%; background-position: initial initial; background-repeat: initial initial;\"><span style=\"font-size: 10.5pt; line-height: 150%; font-family: \'Open Sans\', sans-serif;\">a.</span><span style=\"font-size: 10.5pt; line-height: 150%; font-family: \'Times New Roman\', serif;\">&nbsp; &nbsp;</span><span style=\"font-size: 10.5pt; line-height: 150%; font-family: \'Open Sans\', sans-serif;\">Kurikulum<o:p></o:p></span></p><p class=\"MsoNormal\" style=\"margin: 0cm 0cm 0.0001pt 21.3pt; text-indent: -7.1pt; line-height: 150%; background-position: initial initial; background-repeat: initial initial;\"><span style=\"font-size: 10.5pt; line-height: 150%; font-family: \'Open Sans\', sans-serif;\">&nbsp;\n&nbsp; &nbsp; Halaman ini jika di klik akan menampilkan daftar kurikulum yang\nada.<o:p></o:p></span></p><p class=\"MsoNormal\" style=\"margin: 0cm 0cm 0.0001pt 21.3pt; text-indent: -7.1pt; line-height: 150%; background-position: initial initial; background-repeat: initial initial;\"><span style=\"font-size: 10.5pt; line-height: 150%; font-family: \'Open Sans\', sans-serif;\">b.</span><span style=\"font-size: 10.5pt; line-height: 150%; font-family: \'Times New Roman\', serif;\">&nbsp; &nbsp;</span><span style=\"font-size: 10.5pt; line-height: 150%; font-family: \'Open Sans\', sans-serif;\">Ampu Mata Kulia<o:p></o:p></span></p><p class=\"MsoNormal\" style=\"margin: 0cm 0cm 0.0001pt 21.3pt; text-indent: -7.1pt; line-height: 150%; background-position: initial initial; background-repeat: initial initial;\"><span style=\"font-size: 10.5pt; line-height: 150%; font-family: \'Open Sans\', sans-serif;\">&nbsp;&nbsp;&nbsp;&nbsp;&nbsp; &nbsp;Halaman ini jika di klik akan\nmenampilkan daftar mata kuliah yang akan diampu dosen.<o:p></o:p></span></p><p class=\"MsoNormal\" style=\"margin: 0cm 0cm 0.0001pt 21.3pt; text-indent: -7.1pt; line-height: 150%; background-position: initial initial; background-repeat: initial initial;\"><span style=\"font-size: 10.5pt; line-height: 150%; font-family: \'Open Sans\', sans-serif;\">c.</span><span style=\"font-size: 10.5pt; line-height: 150%; font-family: \'Times New Roman\', serif;\">&nbsp; &nbsp;&nbsp;</span><span style=\"font-size: 10.5pt; line-height: 150%; font-family: \'Open Sans\', sans-serif;\">Daftar Dosen<o:p></o:p></span></p><p class=\"MsoNormal\" style=\"margin: 0cm 0cm 0.0001pt 21.3pt; text-indent: -7.1pt; line-height: 150%; background-position: initial initial; background-repeat: initial initial;\"><span style=\"font-size: 10.5pt; line-height: 150%; font-family: \'Open Sans\', sans-serif;\">&nbsp;&nbsp;&nbsp;&nbsp;&nbsp;&nbsp; Merupakan halaman yang akan menampilkan\ndaftar dosen yang ada.<o:p></o:p></span></p><p class=\"MsoNormal\" style=\"margin: 0cm 0cm 0.0001pt 21.3pt; text-indent: -7.1pt; line-height: 150%; background-position: initial initial; background-repeat: initial initial;\"><span style=\"font-size: 10.5pt; line-height: 150%; font-family: \'Open Sans\', sans-serif;\">d.</span><span style=\"font-size: 10.5pt; line-height: 150%; font-family: \'Times New Roman\', serif;\">&nbsp;&nbsp;</span><span style=\"font-size: 10.5pt; line-height: 150%; font-family: \'Open Sans\', sans-serif;\">Tahapan Pembelajaran<o:p></o:p></span></p><p class=\"MsoNormal\" style=\"margin: 0cm 0cm 0.0001pt 21.3pt; text-indent: -7.1pt; line-height: 150%; background-position: initial initial; background-repeat: initial initial;\"><span style=\"font-size: 10.5pt; line-height: 150%; font-family: \'Open Sans\', sans-serif;\">&nbsp;&nbsp;&nbsp;&nbsp; &nbsp;Merupakan\nhalaman yang menampilkan tahapan - tahapan pembelajaran yang telah &nbsp;&nbsp;<o:p></o:p></span></p><p class=\"MsoNormal\" style=\"margin: 0cm 0cm 0.0001pt 21.3pt; text-indent: -7.1pt; line-height: 150%; background-position: initial initial; background-repeat: initial initial;\"><span style=\"font-size: 10.5pt; line-height: 150%; font-family: \'Open Sans\', sans-serif;\">&nbsp;&nbsp;&nbsp;&nbsp;&nbsp; dibuat.<o:p></o:p></span></p><p class=\"MsoNormal\" style=\"margin: 0cm 0cm 0.0001pt 21.3pt; text-indent: -18pt; line-height: 150%; background-position: initial initial; background-repeat: initial initial;\"><span style=\"font-size: 10.5pt; line-height: 150%; font-family: \'Open Sans\', sans-serif;\">3.\nData Pendukung<o:p></o:p></span></p><p class=\"MsoNormal\" style=\"margin: 0cm 0cm 0.0001pt 21.3pt; text-indent: -7.1pt; line-height: 150%; background-position: initial initial; background-repeat: initial initial;\"><span style=\"font-size: 10.5pt; line-height: 150%; font-family: \'Open Sans\', sans-serif;\">a.</span><span style=\"font-size: 10.5pt; line-height: 150%; font-family: \'Times New Roman\', serif;\">&nbsp;&nbsp;&nbsp; </span><span style=\"font-size: 10.5pt; line-height: 150%; font-family: \'Open Sans\', sans-serif;\">Referensi<o:p></o:p></span></p><p class=\"MsoNormal\" style=\"margin: 0cm 0cm 0.0001pt 21.3pt; line-height: 150%; background-position: initial initial; background-repeat: initial initial;\"><span style=\"font-size: 10.5pt; line-height: 150%; font-family: \'Open Sans\', sans-serif;\">&nbsp;&nbsp;&nbsp;&nbsp; Halaman ini merupakan halaman yang bila di\nklik akan menampilkan daftar referensi.<o:p></o:p></span></p><p class=\"MsoNormal\" style=\"margin: 0cm 0cm 0.0001pt 21.3pt; text-indent: -7.1pt; line-height: 150%; background-position: initial initial; background-repeat: initial initial;\"><span style=\"font-size: 10.5pt; line-height: 150%; font-family: \'Open Sans\', sans-serif;\">b.</span><span style=\"font-size: 10.5pt; line-height: 150%; font-family: \'Times New Roman\', serif;\">&nbsp;&nbsp;&nbsp; </span><span style=\"font-size: 10.5pt; line-height: 150%; font-family: \'Open Sans\', sans-serif;\">Alat dan Bahan<o:p></o:p></span></p><p class=\"MsoNormal\" style=\"margin: 0cm 0cm 0.0001pt 21.3pt; line-height: 150%; background-position: initial initial; background-repeat: initial initial;\"><span style=\"font-size: 10.5pt; line-height: 150%; font-family: \'Open Sans\', sans-serif;\">&nbsp;&nbsp;&nbsp; Halaman ini merupakan halaman yang akan\nmenampilkan alat dan bahan yang ada<o:p></o:p></span></p><p class=\"MsoNormal\" style=\"margin-bottom: 0.0001pt; line-height: 150%; background-position: initial initial; background-repeat: initial initial;\"><span style=\"font-size: 10.5pt; line-height: 150%; font-family: \'Open Sans\', sans-serif;\">Login<o:p></o:p></span></p><p class=\"MsoListParagraphCxSpLast\" style=\"margin-left:54.0pt;mso-add-space:auto\">\n\n\n\n\n\n\n\n\n\n\n\n\n\n\n\n\n\n\n\n\n\n\n\n\n\n\n\n\n\n\n\n\n\n\n\n\n\n\n\n\n\n\n\n</p><p class=\"MsoNormal\" style=\"margin-bottom: 0.0001pt; line-height: 150%; background-position: initial initial; background-repeat: initial initial;\"><span style=\"font-size: 10.5pt; line-height: 150%; font-family: \'Open Sans\', sans-serif;\">Pada form login diperlukan username dan password. Dosen\nmendapatkan username dan password dari admin.<o:p></o:p></span></p>'),(2,'halaman_bantuan','Sistem informasi manajemen SAP dan silabus ini mendukung banyak menu dan fitur yang dibutuhkan pengunjung sebagai media informasi dalam aktivitas akademik yang berjalan. Adapun fungsi dan informasi bantuan tiap menu sebagai berikut :<br>1. Dashboard. Dashboard merupakan home atau halaman utama dari sistem informasi ini yang berisi berita dan pengumuman terbaru serta <span style=\"font-style: italic;\">Help Center</span> atau halaman bantuan. Terdapat pula tombol login di pojok kanan atas untuk masuk ke dalam sistem.<br>2. Menu Login. Menu Login merupakan menu untuk masuk ke dalam Sistem Informasi Manajemen SAP dan Silabus. Anda dapat melakukan login dengan menginputkan username dan password yang telah terdaftar sebelumnya.<br><br>Menu - menu di bawah ini akan muncul setelah login berhasil.<br>3. Informasi Akun. Informasi akun berfungsi untuk mengedit username dan password Anda. Terdapat tombol ganti password dan simpan untuk menyelesaikan proses edit akun.<br>4.&nbsp; Menu Kurikulum. Menu ini berfungsi untuk melihat data kurikulum yang ada dan mengedit referensi bagi dosen sesuai dengan mata kuliah yang diampu-nya.<br>5. Menu Dosen. Menu ini berfungsi untuk melihat daftar dosen yang terdaftar dalam sistem informasi ini.<br>6. Menu Mata Kuliah. Menu ini berfungsi untuk melihat daftar mata kuliah yang terdaftar dalam sistem informasi ini.<br>7. Menu Tahapan Pembelajaran. Menu ini berfungsi untuk melihat daftar tahapan pembelajaran yang terdaftar dalam sistem informasi ini.<br>8. Menu Alat dan Bahan. Menu ini berfungsi untuk melihat daftar alat dan bahan yang terdaftar dalam sistem informasi ini.<br>9. Menu Referensi. Menu ini berfungsi untuk melihat daftar referensi yang terdaftar dalam sistem informasi ini.<br>10. Berita dan Pengumuman. Menu ini berisi berita dan pengumuman terbaru terkait pendidikan dan Universitas terkait.<br>11. Info selengkapnya. Menu ini berfungsi sebagai halaman informasi mengenai sistem informasi ini.<br>12. Bantuan. Menu bantuan berfungsi sebagai halaman bantuan bagi pengunjung yang belum memahami alur, fungsi dan fitur sistem informasi manajemen SAP dan silabus.<br>');

/*Table structure for table `curriculums` */

DROP TABLE IF EXISTS `curriculums`;

CREATE TABLE `curriculums` (
  `id` bigint(20) NOT NULL AUTO_INCREMENT,
  `name` varchar(100) DEFAULT NULL,
  PRIMARY KEY (`id`)
) ENGINE=InnoDB AUTO_INCREMENT=25 DEFAULT CHARSET=latin1;

/*Data for the table `curriculums` */

insert  into `curriculums`(`id`,`name`) values (22,'Kurikulum 2014 '),(24,'Kurikulum 2015');

/*Table structure for table `lecturers` */

DROP TABLE IF EXISTS `lecturers`;

CREATE TABLE `lecturers` (
  `id` bigint(20) NOT NULL AUTO_INCREMENT,
  `name` varchar(100) DEFAULT NULL,
  `user_id` bigint(20) NOT NULL,
  PRIMARY KEY (`id`)
) ENGINE=InnoDB AUTO_INCREMENT=17 DEFAULT CHARSET=latin1;

/*Data for the table `lecturers` */

insert  into `lecturers`(`id`,`name`,`user_id`) values (4,'Ir. I Made Sudarma, MASc.',4),(5,'Ir. Lie Jasa, MT',5),(6,'I Gusti Made Arya Sasmita, ST., MT.',6),(7,'Gusti Agung Ayu Putri, ST. PgD. MT',7),(8,'A. A. Kt Agung Cahyawan Wiranatha, ST.,MT.',8),(9,'Dr. I Ketut Gede Darma Putra, SKom, MT.',9),(10,'I Nyoman Piarsa, ST.,MT',10),(11,'Dr. Eng. I Putu Agung Bayupati, ST.,MT',11),(12,'A.A Kompiang Oka Sudana, S.Kom, MT.',12),(13,'I Made Sukarsa, ST., MT.',13),(14,'Putu Wira Buana, S.Kom., MT.',14),(15,'Ni Made Ika Marini Mandenni,ST.,M.Kom',15),(16,'I Made Agus Dwi Suarjaya, ST, M.Eng',16);

/*Table structure for table `meeting_references` */

DROP TABLE IF EXISTS `meeting_references`;

CREATE TABLE `meeting_references` (
  `id` bigint(20) NOT NULL AUTO_INCREMENT,
  `meeting_id` bigint(20) DEFAULT NULL,
  `reference_id` bigint(20) DEFAULT NULL,
  PRIMARY KEY (`id`)
) ENGINE=InnoDB AUTO_INCREMENT=10 DEFAULT CHARSET=latin1;

/*Data for the table `meeting_references` */

insert  into `meeting_references`(`id`,`meeting_id`,`reference_id`) values (1,20,9),(3,22,11),(4,22,12),(5,22,13),(6,23,14),(7,24,15),(8,24,16),(9,20,7);

/*Table structure for table `meeting_stage_resources` */

DROP TABLE IF EXISTS `meeting_stage_resources`;

CREATE TABLE `meeting_stage_resources` (
  `id` bigint(20) NOT NULL AUTO_INCREMENT,
  `meeting_stage_id` bigint(20) DEFAULT NULL,
  `resource_id` bigint(20) DEFAULT NULL,
  PRIMARY KEY (`id`)
) ENGINE=InnoDB AUTO_INCREMENT=13 DEFAULT CHARSET=latin1;

/*Data for the table `meeting_stage_resources` */

insert  into `meeting_stage_resources`(`id`,`meeting_stage_id`,`resource_id`) values (2,17,7),(3,17,3),(4,18,7),(5,18,13),(6,19,7),(7,19,3),(8,20,7),(9,20,3),(11,24,7),(12,24,11);

/*Table structure for table `meeting_stages` */

DROP TABLE IF EXISTS `meeting_stages`;

CREATE TABLE `meeting_stages` (
  `id` bigint(20) NOT NULL AUTO_INCREMENT,
  `order` tinyint(4) DEFAULT NULL,
  `lecturer_act` text,
  `student_act` text,
  `general_act` text,
  `meeting_id` bigint(20) DEFAULT NULL,
  `stage_id` bigint(20) DEFAULT NULL,
  PRIMARY KEY (`id`)
) ENGINE=InnoDB AUTO_INCREMENT=26 DEFAULT CHARSET=latin1;

/*Data for the table `meeting_stages` */

insert  into `meeting_stages`(`id`,`order`,`lecturer_act`,`student_act`,`general_act`,`meeting_id`,`stage_id`) values (24,0,'aaa','','',20,1),(25,1,'','','HHHH',20,1);

/*Table structure for table `meetings` */

DROP TABLE IF EXISTS `meetings`;

CREATE TABLE `meetings` (
  `id` bigint(20) NOT NULL AUTO_INCREMENT,
  `order` tinyint(4) NOT NULL,
  `main_lesson` text,
  `learning_experiences` text,
  `t` tinyint(4) NOT NULL,
  `uk` tinyint(4) NOT NULL,
  `us` tinyint(4) NOT NULL,
  `tm` tinyint(4) NOT NULL,
  `p` int(11) NOT NULL,
  `l` int(11) NOT NULL,
  `basic_competency` text NOT NULL,
  `subject_id` bigint(20) NOT NULL,
  PRIMARY KEY (`id`)
) ENGINE=InnoDB AUTO_INCREMENT=27 DEFAULT CHARSET=latin1;

/*Data for the table `meetings` */

insert  into `meetings`(`id`,`order`,`main_lesson`,`learning_experiences`,`t`,`uk`,`us`,`tm`,`p`,`l`,`basic_competency`,`subject_id`) values (18,0,'Mengenal HTML','Kenalan ama HTML lah, apalagi kalau gitu :p',0,1,1,60,0,0,'Hmm, apa yah? -.-',39),(19,1,'Javascript hmmm... :)','Tau banyak tentang javascript lah :D',0,0,0,120,120,120,'Hmm, apa ya?',39),(20,1,'Tri Hita Karana','Menjelaskan dan mendiskusikan materi tentang bagian - bagian dari tri hita karana, dan contoh - contohnya dalam kehidupan nyata',1,1,1,120,50,70,'Mengetahui dan memahami tri hita karana',49),(21,0,'Sad Ripu ','Menjelaskan dan mendiskusikan materi tentang dasar Sad Ripu beserta pembagiannya, identifikasi contoh - contoh serta penerapannya dala kehidupan sehari - hari',1,1,1,120,30,60,'Mengetahui dan memahami bagian - bagian dari sad ripu',49),(22,0,'Pengenalan Algoritma','Menganalisis konsep algoritma yang meliputi pengertian, kelebihan dan arsitekturnya',1,1,1,127,60,60,'Memahami hakeket Mahasiswa mampu mengenal lingkungan, bahasa pemrograman Pascal. Dapat menggunakan bahas pemrograman pascal untuk pemecahan masalahnya.',44),(23,1,'Konsep tipe data dan operator','Menjelaskan kontrak perkuliahan.\nMenjelaskan dan mendiskusikan materi tentang konsep dasar tentan tipe data dan operator',1,1,1,127,60,60,'Mengerti berbagai jenis tipe data, variabel, dan konstanta serta pemakaiannya dalam algoritma\nMengetahui dan memahami operator aritmetika dan logika dan penggunaannya dalam algoritma',44),(24,0,'Konteks Metode Analisis dan Desain Sistem','Ceramah dan Diskusi',1,1,1,120,60,60,'Memahami Konteks Metode Analisis dan Desain Sistem',58),(25,0,'Perancangan Database','Ceramah, Diskusi, Analisis',1,1,1,120,60,40,'Merancang Database',43),(26,1,'Implementasikan rancangan Database','Ceramah, Diskusi, Analisis, \nPraktikum\n',1,1,1,120,60,60,'Mengimplementasikan rancangan Database',43);

/*Table structure for table `news` */

DROP TABLE IF EXISTS `news`;

CREATE TABLE `news` (
  `id` bigint(20) NOT NULL AUTO_INCREMENT,
  `last_updated` datetime NOT NULL,
  `title` varchar(255) NOT NULL,
  `content` text,
  PRIMARY KEY (`id`)
) ENGINE=InnoDB AUTO_INCREMENT=14 DEFAULT CHARSET=latin1;

/*Data for the table `news` */

insert  into `news`(`id`,`last_updated`,`title`,`content`) values (2,'2014-01-25 18:12:18','Beritanya Opik','Lorem ipsum dolor sit amet, consectetur adipisicing elit, sed do eiusmod tempor incididunt ut labore et dolore magna aliqua. Ut enim ad minim veniam, quis nostrud exercitation ullamco laboris nisi ut aliquip ex ea commodo consequat. Duis aute irure dolor in reprehenderit in voluptate velit esse cillum dolore eu fugiat nulla pariatur. Excepteur sint occaecat cupidatat non proident, sunt in culpa qui officia deserunt mollit anim id est laborum.<div><img src=\"data:image/png;base64,iVBORw0KGgoAAAANSUhEUgAABMcAAAIkCAIAAACV8dsWAAAAA3NCSVQICAjb4U/gAAAgAElEQVR4nOzdO5ajuqKAYXHXGQquoJdHACOwT1KR08oghKSzDivrBEI7q9RRJQdGYEbg1UHBXHQD8X75hY3B/xfsXS0LIUDYCL00KaUAADwxTdPGzgJwEx42AGDe/jN2BgAAZ+G5HFPEOxEAeAX/N3YGAAAAAAATRq0SAAAAAHA9apUAAAAAgOtRqwQAAAAAXI9aJQDglYW2pmmaHQohhEh8U9M0009GzhQAAJPCHLAAAKR05yCdsTMBAMDU0FYJAJigtFXRNDXFDlWjY7mpMQ/JAxshob3eCSHEbl1OxA7TmHn6WZrlBPImzuZ+AAB4KdQqAQCTFS3/SBl7hhC79fe7lDKwhIjcv6EQiW+ud4YXSxUauR+2XQ/xk9U2sIQQwgqklHK7qu9g81VOU9VBrSDdkRAi3Y9Ik5Xy4OgPPQMAADwBapUAgMkyfi1a/hRCiOR/+0iIyF1omqatd0KIaLerh/yLT6S/fCvXEcPvnRDCem/UPbNkaagEALwmapUAgNnKmxBl2qRZCWlpm7yc7hzyhsvIXWTz/gAA8EKoVQIAZkh/W4qs42pXyKUWvwwhxPGn0SC52hbVVgAAXg+1SgDAHK22MvaMdBoeTdM08+d3PcRPhFj9VsMyS+uLdNGdL89IO7uqSX5ENm2Qpmnawo0MLx6i/RMAgGnRpJRj5wEA0EfTNCEEX9fPJPHNhRtZwSCdaGeN0gsAr4D1KgEAOFNoF42UtEsCAJCirRIAnh2tPZguSi8AvALaKgFgGtTTOQAAwLNhth4AAAAAwPVoqwSAaaAPIaaINnYAeAW0VQIAAAAArketEgAAAABwPWqVAAAAAIDrUasEgKfGsDTMmKZplHAAmAFm6wGAJ8XTNgAAmARqlQDwdKhPAgCACaEHLAA8kVqHQCll64IiVDsBAMDzoFYJYD606Ws9omagaKtYhrZm+knHuQltTdNMf5DzjLGkV7HrIp8oAzdFvlF/gX/ErXW5x5wZAJgHjWW1AczGvB8E1de1Vm3JvCSB0DZ/tgdn6HzhoXzTFF8HR3/8fu23w3Z1+YbTvSt5QAKA89FWCWBu5DT1HEUtvHnIiW+q1pV601P+gabZ4dAnGmOJ88taXPCOMhDaeUy/aOhsjawCbduuF5nENzXNjXbrG8pSf7G/+911oauuCgC8NGqVAPAUao+zPX3wVLRyZN05SCljz6hGDO3FfhOrhAOxXu/ukW88WuSus8sab/aLtIrXWgZ8cy2CLKa7M7xYtXK2RtadQ+wZu122hXf8VHVO3TlI6RlWkFW6rmmyBADMGrVKAHgiZ9Ytz2pOCb+P3lfWVXK1bVQ6MVFWkPWA1Z0v7/jd1XKY+HvhpTVA3fk67/pbQbbF2/L2rAIAXgS1SgB4OnTDQzfj1+KazaglAgDuh1olADypW+uWq/el+zdvxwr/utEQucLYIvcjm8s38T/c5XtXf1Td2Yh9PnDS/7yxB/TxRyUV2gOO0uUFCgDMA7VKAHhqZzxzpzOyLNwochel6VRW20DkM6yshWVFLouLTFpoa25kWMt9elEX+02sOqy2lwHna7NfpHH3wigl0xI58c2FG+3Wmh0KEdraehe5i3w6H+fPMo27FgEjKwEAVawsAmA+1BDE+X2tzfW48EiJb36MsSbJFEvvFPMMAOOiVglgPub6LNh/XNNdDxCTduaNNsW7cop5BoBx/WfsDAAAbsKzLwAAGBfjKgEAAAAA16NWCQAAAAC4HrVKAAAAAMD1qFUCAAAAAK5HrRIAJoZJXwEAwFOhVgkAU6KqlANVLENb0zTTHyIpPIXQ1kw/eYZEAAAvhfUqAczHXFeZqx2Xpg341R3a5s/24AyUGh7BN+23w3Y1djbEeTmZ4l05xTwDwLhoqwSAiWl92PVNLWOH1UDTT5L0YzsUQiRF3CJqNbzcgNmeCEaR+KamudFu3biC+dXLmxlViG3b9bhJfkkr/2pNpDOd7pwAAF4QtUoAmDzf1PabWCqBWGd1QucgZWBF7mKx36iPvsPQXuRxA7Fe7/JEPoo04s1e60tkjIOEEEJ3DlJ6hhWkF0rmDYW6c5BSxp5Rjht7xm4nVOTYO36quqLuHALL8L4cPf2XZ1jBwWlNpDOd7pwAAF4QtUoAmLjE3y+Dg6oiCCFW22C5Lw+LM7xYqj6uq+1WfB+z6oQQq21egUj8fRS5i7TdaeFGIvpXrjxWEqH+MB1WkF4u/W1ZhK62m/3f9PqG9n7z++QlbU8HAAAhBLVKAIAQQuhvS8OTFVQe58z5I1TTpf8p/uSvJAAAuAq1SgCYON3ZZH0bhRBChN/HTWc1YfW+dP/mjZDhXzcqfcDMnxNx/FEXKrSvH8+omivPa6i8b04AADMgAWAu5vq1dvq4qiPhsrFugVX9wk/Dy8GWZQkhslbK6ng6Fb0jEYyouCb51ahfJiEsL7ucVlB8bnhxNZ3y9WxJJCgVrpZ0WnJSN8W7cop5BoBxsbIIgPmY63oAcz0ujCy0zZ/fhzt3f51i6Z1ingFgXNQqAczHXJ8F53pcGEtoa/nkv1Zw3xG0Uyy9U8wzAIyLWiWA+Zjrs+BcjwuvYIqld4p5BoBxMVsPAAAAAOB61CoBAAAAANejVgkAAAAAuB61SgAAAADA9ahVAsDEaJqmZhMBAAB4BtQqAWBKNE1Llxu+rWIZ2prpJ7ekkPimqt/emA4AAJg6apUA8IpWW3lw9FtS0J2DlDL2jKGyhDP5ph0+RyIAACjUKgFgSlQrpWqxFCJrMTRNW9M0zQ5DW1N/qNjpPystiq1tjCrQtvP411Y58tQ1TTP98ifFB6Zplj5qDS+lkuZksBxOWuKbmuZGu3XzLDTPfBZih3lJMP2kNxEAAK5CrRIAJkb1gE3/oTuH2DOiSARSBmK9FoGUsXf8TusJ74FMbfYLVXlobWNUyex2QsWPvePnVf1a/Y/9Jk73GG/2ecUy8c38g2AZRVn81nDf1IpUArE2/QFzOG26c5DSM6z8sm5X6SctZ16dMmH8Wgix+GUIYQUHR+9LBACA6/xn7AwAAG5meNuVEKEQ1vtKiKKytfj51Nbr7F/WqWSsIK1f6G9L8XN5NhJ/H0XRQnOLoGUoxEoI3fmz1PIPrEA66q+W8MTfL4Oid+5qG3ybfuKogFtzOFddZ153DrEwF5orDC+Wt3V5BgCgE22VADBXob0otV89YACk/rY0PFmRN4OttnlY1vzYG45L9Jz5+F8khBDRv3jMDAIA5o1aJQDMVPJzNDZp81Tif7jRifgDWL0v3dYpYX2zGrx86wzXnU2lc2v4fdzQyFZ1/FHnJ7SzQZHtZz7xTW2t+gwHYl2brbeZCAAA15IAMBdz/VrrO668CdIKZGAJIQwvVmFWUG6fNCxLBQaNfrBWUE1GZlEML27fqZRFpGo6Uspqm2hfYGd4tV1VhV6ew/kqzn1xJmXjZHr9Z6wjkcGpfdxzD8ObYp4BYFzZLIIAMH1qCcf5fa3N9bjwCqZYeqeYZwAYFz1gAQAAAADXo1YJAAAAALgetUoAQIfEN7VWTO4CAAAKjKsEMB9zHQ011+PCK5hi6Z1ingFgXLRVAgAAAACuR60SAAAAAHA9apUAMDFqaOPYuQAAAEhRqwSAKdE0LV1uuFSxzGfVMf3kwfkJ7RF2ej8zOxwAAB6D2XoAzMdc59goH5eqVZb/yCW++SG+Do4+SibxML5pvx22qydI5BxTvCunmGcAGBdtlQAwJaqVslmlbFdeGsT008DQLoUV7XIqqukn2UZ2mCVg2/kmxZoizQbSnsilvZq+b59oVm3NdjlbaWKmn6hsp2lWstOaSMdhth5OV2Z6D7N0dk3fN8/KjKZpmmmapfD+M+NGu3XP9ch30XHG+hIBAOA6EgDmYq5fa2ceV+wZhheXQ8oBsWcIw5NSyiAIigjCCkobBJYQIotmqY9izxBZrOYuaiFdkYsdxZ4hRC2RmvZs5/+Iq7uR0jNE8a843VVnIh2H2Xo4XZnpOszAqmYkO9CuRCoblnPYyzMqF60nn11nrCuRe5jiXTnFPAPAuP7z0CosAOBhEn8fRdFCc4ugZSjEavHzqa3XWZBV3cjw4rQP7Wq7zeMEaVdJ/W0pfk7stiVy4u+Fd0hDnS9v/3FFtoUQunOIhbnQXGF4sSx39c13KnTnyzP/+v6xK5Huwzw/M4v2cxJ+Hz15yDNykE7vETl/lloeagVp7Kt07aL7jAEAMCB6wALATOlvy3rz13YlQnux35QbtcbI14mPW7Kdif9FQggR/YvL2xi/FtVE3noTuSivt6fTmchqmwcEYn1OD9gr8tl+xgAAGBK1SgCYq9X70m2MEvw5Gpu0zSrxP9zoERnRnY3Y5xnxP3e9sduyLYRQ4wHXIkgrYeUBkJH7UVTJ/rdfvq86E7nQRenUIod2OmSxPZFi1KWyfDs7V8efpLqHjl10n7HWRAAAuNb5nWUB4MnN9Wvt1HEFVv2r3SqPnKyFl9onDcvKhyTWEykNqsz+mUUxvLh1p15n5OpejfrYxaaebDcT94z0QCp7bEuk6zAvOod9h1mNXB3HWE+8LXvnKTJb2eqifHYlMji1j3vuYXhTzDMAjIuVRQDMhzbT9QBmdlyDr4DimyYrqjytKZbeKeYZAMZFD1gAwCPkC18s9ptBq5SaG0XuorJiBwAAeCTaKgHMx1xbGOZ6XHgFUyy9U8wzAIyLtkoAwBiSvPGyhpljAACYGNoqAczHXFsY5npceAVTLL1TzDMAjIu2SgAAAADA9ahVAgAAAACuR60SACZGjT4cOxcAAAApapUAMCWapqXLDWcVy7ZZb0w/GTebGEdoD3DtB0kEAPBSqFUCwOQZXiylDCxhBVJK6RljZwj35Jud0+SutvL2tUDPT6QnJwCAl0KtEgCmRLVSqhZLFaI7h1odoBGAuUh8U9PcaLduLMOSN1nnzYwqxLbtetw0ahox/1drIp3pdOcEAPCCqFUCwMSoHrBj5wJj0J2DlJ6h2qSllHK7Kn8i41I7te4cYs/Y7YSKHHvHT1VX1J1DYBnel3r1oDsHz7CCg9OaSGc63TkBALwgapUAAMyWFaTVPf1tWYSutpv937RxMbT3m98nq4Tt6QAAIISgVgkAwAty/gjVdOl/ij90mAYA3OY/Y2cAz4KFCl4QvSiBaTr+JGKlCxHa2loE13U+XW03n3b4Jvab34dxcwIAmAEJSCmpXbyksQvd8F72uKoD4YqhbpinwGpc6yIo/8jLSoUVFJ+r6YJLG5VLS0siQal0taTTkpO6Kd6VU8wzAIyrmEUQL061VVIeXsRcLzfHBVwgtM2f3/eeL3iKpXeKeQaAcTGuEgCA1xKqVULWu8hdsCIIAOB2tFUixavZlzLXy81xAc9miqV3inkGgHHRVgkAAAAAuB61SqBP4puapmmaZqrVwwEAAABUUavE81MjgNKxP6qa96g6XvjXjdRch/ee0AIAAACYKNarxMTozkE6j9pZ8nMUQizfqFACAAAAXWirxN2krYpm2oVUs8N02sFSU2Mekgc2QkJ7vRNCiN26nIgdpjHz9LM0ywkUTZyd2fOT0E5j1Xcd2gs3SvecZqWe25OJdGSy5dibibftEBBCqCIxdi4AAABS1CpxZ9HyT7qI9m79/S7VotmR+zcUIvHN9a5YSjtyP2y7HuInq61aZlstsb1d1Xew+SqnqeqgViDb1vNus/9QldZmZvzFVi3+bXixPDiiGSE5ncjnsSWTQojQ1ta7bB3x2BPuopF44ptFFLrgIqNpWrrccFaxLL+uyUcCa6Zf/rs8RHjc/OOuQnuAN1CDJAIAeCn0gMWdGb8WLX8KIUTyv30khHAXmpuGRLudqIX8i0+kv3zThcgjhd87IYT13qh7domWf+RhJUTim/XM/IvFf3tzm0foSSSKmpks8vlH1RT1/24MN4qiWuK/hBBCBRpeTK0SXVZbGYh8NfuDdELb/NkeHCGcWJh/3w7qZcwfy12LoOXNDKbGN+3sqtattvL2C3x+Ij05AQC8FNoqMbK8LU6mTZqVkLs/AVdruid33R6hJ5HzGkxbE9edQ7555C66+/LitahWStVief5WvqlRpZyDxDc1zY3UiIBKJ//mhNUqxLbtetw0ahox/1drIp3pdOcEAPCCqFViNPrbUpT6hLaGXGrxyxBCHH8u7rt1ctfn5O38/K/eLSHE7jN9qFPtoC0brrZFbRvIqDcPZ0cPbU3bb2KqlHOgOwcpPUONCKi83dKdQ+3bQncOsWfsdiJIX9sd068c3TkEluF9pZ0lnINnWMHBaU2kM53unAAAXhC1SoxntZWxZ4jiVbf587se4idCrH6rYZlnvA3XnS/PEJG70DRNDXW8PjO1YUUnI7TGScdVtu0usNKMagtXeHEj8WJQ3MKNDC/mkQ1X2a3XIpCb/YKRcq/JCtLvDvXaK7XabvbZa6zQ3m9+n/x+aU8HAAAhBOMqcUflNUBKf662Um7b4jSjdsTKtl/lCZXSzOMmvrlwo+4hls1dn8zMObntXvmkcuAt/xaNDR+4hgrmRK2Ik7FUv9eVFKYdOrycQMr5I0w/WTm6/yn+HBi2DQC4CW2VmJl8Osy8ga+21EhnQyMwXYtfIu9AnfxvHy3fmnGcP2LN0LeZyLr552saXUE1V57XUHnfnAAAZkACUspsjNbYucCDzPVyv/JxFTNDGZ4KKUbHpSGBVfoUE1Zc7HxYY3NmMMvLCoAVFJ83phMrBka2JhKUClJLOi05qZviXTnFPAPAuC6bRRAzprGo+uuZ3+2vijHHBZwltPMVae5niqV3inkGgHFRq0SKWuULmt/tP9dnwbkeF8YS2sV8ZtadV5yZYumdYp4BYFzUKpHiR/SlzPVyc1zAs5li6Z1ingFgXMzWAwAAAAC4HrVKAAAAAMD1qFUCAAAAAK5HrRIAAAAAcD1qlQAwMZqmMWkzAAB4HtQqAWBKNE1LlxvOKpahraqZmukniW/m/1Cf5gGabdtZIOYqtDXTT54hEQDAS2FlEaSaE6mrh9fxcoQ7muu8+a9wXPmNWb5Dq6vZh7b5sz04QojENz/El/ogtLX10ZMHZ5RDwIB803473HWNyXOdk5Mp3pVTzDMAjIu2SrRTv6nNXna977BDu9RC8uLSc9H9uv+i1gCaDpBTrZRXvPRZbSVVyslLfFPT3Gi3zlugw/InWvl7R4XYtl2Pm0ZNI+b/ak2kM53unAAAXhC1SrToGbK12sq8QaTtw8C6U56mZrWVnnEiQveZvCmyb/J0N3OqB+w5MXXnsNkvan1iMWG6c5DSM6xApvKGQt05SCnj0veO7hxiz9jthIoce8dPVVfUnUNgGd6X+lLRnYNnWMHBaU2kM53unAAAXhC1SrRofWBtfYdd+YB31U1xaZRbdto6zmRpcJxfNHRe0HQgaD1AC+eQPvTHmz0VyxdkBWl1T39bFqGr7Wb/N/16CO395vfJKmF7OgAACCGoVaKLqliWq5et77CFCO3FfhOrp9ZArNe7x+bzuUXuOjs58Wa/SKt4rWfSN9dZQ8Bm7+4ML1aNkxc0HYi+dgy8kOTn2BasO3+s6B/vGaA4f4T63vA/xZ+zu0IAANCKWiU6ndXFLvw+Zt2ohFhtG5XOF2cFWcdV3fnyjt9dT/SJvxde1hDgfJ13Fmk6QG7xS7hZy1Pyv320fBNC1AfkJj9H6533DLNw/FGXNbSv75GgmivPa6i8b04wBA3TN3YhAm7yn7EzAMyY8WtxzWb621L8DJ0XzJruHAI7eyYxPHnIqwmRu9Dc9G/Diw9j5A4Dc/4stfSyWkHaIyG0tbyriPrM8ryj60ZCaCKQW6E+35kizgdpO3+EthaBzBsqWxIJ5Hbhm4uOdNpyAgB4RdQqcZvV+3L9N3TSh4nwrxsJb+QsPZHI/fAdNetm4n+4yz9drb+6sxGmnzjqYc//3InN7xv2e/xJxEpXj4iCR70XsdpKuT0jDDPQcmHbr7VTTPrbXhYMr9xQ2VFgnIPsSoci9mRYDWWiaKjEHEhASpn9DnV/3pzcNRu8V/7EsiwhhOE9Js/PLLCEEIZl5X1ZDS8ufdI8k6XOw4ZhZLHbI+dxraCIku+gtFExwLJmrrc/xwWco/K13fU1MZApll7yjAfj8mEGWOYeKY1Fn59GeeX6O5nr5ea4gGczxdJLnvFgXD7MALVKpPq/0eibMXW1KzvXHzCOC3g2Uyy95BkPxuXDDDAHLM7y4DZ0DG7sEgQAeGJqyeRXmsf39Y4YuC9qlQAAAKhLfFPTyssTjet0NfC6DF++FRVSoAVzwAKooysOAECvTP87AddleHKHCTwn2ioBYGJYLxvAuVRLXKZokVPtbbXQ46dZDim3ydXjp+mmDXbqU9NPmsmmTYFmlg07zOPk+61tlaZmljMT2mox1d26p52wmeFqIuVd5Wuz9h1m29lr5qQcqzg36YHYYcfJBmaGWiUATImmaWqsbF6xrD721J/LigeYLGCsnGNAoc2zKc6jO4d0fH3sGSJyP1QVTVvvsgWpYm+Zx958qYVnIvdvud6W+OZ6l0YPLBG5H75w/lhCiN13KIQIv3dCCGsjPurRslIaLf+ky2Lt1t/vsryXZuKfx2ZmVlu1II5aCuf8dZirR6RqhFYg21buajktbWevnpPQXrhRnmbkLuz/qeT2H+udEOLHN4tUpbzrBO/AiKhVop1GSwgwHep5JbDSxxzPEEKstuopKHs2DL+PhmEFB3p6zcFqe+6zqW8y+uvVZS+eFm6UhqSVwD+qDOnONitMy7fWUpX8bx8JEbmLvI0v+heL1XtWrUx+jkII65doi6YYvxai+WdH4lHUk5nLVBNJD/y9vU7aelqaZ699q/eVENkp2e+FSCvSUm7/K4TIDpCXQZgxapVooaqUj69Y3vXte3fioX2HBpw00e6juehg73RmGg1cqf5Pn9ngp+gJqVZKTSvWhdKdQ62CUQRYgXf8DoUQif8p/mwenVkML2+aLn8nqEDbzrvZ2WEW6kaqn14eiteS+ObCjfIXT7fIW9uyxsLVb88QYvft/28fCcP7/d/2aJcnfmNGh3PT2ctqz7pzyDeO3AX3IeaKWiVaqKfVO03W0vPi/Py371foTny1vcMv2Gqr2ouuyM+tkWmamL2LVotx/ohPPwn/usuO1/OYFtUjL65+v+jOIfaM3U4EaV+946efqKieoRqwL+s1iNmI/+VNbKpFUYi8Se1TvZlIfPvEa0v9bSkavWKFEPp/N4YQO9eNhLH5r94Vrd91W11n8csQQhx/2g+3eVr+13b22req9ARuvMFbbWXzvgXmhVol2lWeWbOh9ul49nTUeVZ1qY5SF6cCW1+cX/D2XYjSuHfT90+1CXYkXs7hHSthcb6XYuft+ek4qMvOzIVNE/2LW3Z9+vyGu36zsHpfuov10aNGMXtWkF5k9ZgOCJEOAozchaZ97Euh6RBATdO0hdtRXyqnImPPEMWPS/qTpKvBlVm30a5olyb+2ZqhtGm0b7aeU3TnyzPS4y5m6ynnpHpa/tt69mo5UaMNdmuVpuHFaZ/XTPG4odo9+S7GXI39+IdncaI8xJ6hRqYHlvp/nL0A94yi30rsGcLwugKV8ovz5k4qfWBKuy1/6hmloFq3mW7VxAOr2C6whCjncCieIYrcxUWu2/Jz4qDOPDNZUp1nONd/uflyeDZnXpF8XGUqv0uDQAWfUzYwCa3fCcXVDaz809Ev+hS/T8gzHozLhxmgrRJnM7K2jvI498TfR+lrPfUaTkT/wtbAa3dbf/ue+HuR5US9dbxC+H30vrIupeo1411YQdZxVXe+0vFtba46KNolcK7VinfjLyzr7pctcgBMX3mpjlLPKKbCAcZDrRK30d+W9Va+7ao18G77v0/Cg6hNdHeu5z4oPCPVw2q9U52wsplaFqo3tOkn5d7R1CsmLX2YXrj5q7t0ubxFfnVDW1vvInehHrGdP8s04loEjKzETKhxijWs2QGMiVolbrR6X7qN14OtgbnbXpzrzkbs87T9z+bAiDOs3peliQHCv10Tht8ocj+KMaUfPbOlDHJQhVubJtTv8215wEMVa6rlL3GKoIOjl/9JvWLSmg/T21Xp8m5XRZT0EbvYgks/fy0NeJiCsQsOMITzOspi/vrKQ95B1AqyQYixCistjpezshFcLYFSlifnzgObU7CmQzeLf2RRDC8uz6JmGPXBRQ3tiVeCLWvwoZXqPFlWkdPKMM5mftoP6sIz03mG69THAx4v7orrhemaYumdbp4xaWMXIuAmxYpneHHqVdnkykPimx/ia2a9Xh5wUBO93C+L64XpmmLpJc94MC4fZoAesJikYpru/WY2VcpZHhQAAABmj7ZKpHhP9lK43NPC9cJ0TbH0kmc8GJcPM0BbJWahWGO4hukuAQAAgPuirfKF9L8J4z3ZS+FyTwvXC9M1xdJLnvFgXD7MAG2VADAxzEQPAACeCrVKAJgSTdPSKbxLFctaF/Du1WIxE6HNVQYAPBF6wL6Qi3rAqifXh+UND0Znm2kpX6/83qzepKGtfb9ny9z7pjm7BXdwJd+03w5pwRjFFL9t5pFnfscnZIpFDqj5v/YpTjBH6pL3f5rHyf97i9Au0p/WtDm97QChrWma6Z9Mob/F6KKmBtolkFOtlFrv8+J/N+Jf/MhM4XHyucnK3wkq0Lbtyjdu4pua5ka79TS/h3GLrt/x23/dpovfZeCuGJmDiiHbKhPf/BCHgzNAtp5OaJs/21OHNlZ70TlNExqvRSfljOtFW+VrSXzzo3qNE99cuMtAblfVT2mrvMLU81yuTF54FGf9uk3X0/4uT7HIATXpuEqJF9B/rWsloxmi3o+bfpK9Kc/eepdX9cjecYa2pi3cKHJr4a2RL0q8/ZV8pmgdNX3fzF4jduy0VWs7QC2RC973x/lWRXodu8jzbvp+8UL1gnYJQdPEiyuu+37zRZXyBVlB+i/cBSQAACAASURBVNiqvy1HzgpG1fwFF4P/uk0Xv8vAfTBbD87lHKQMrMhdLPYbKaUMxHcohBD+x34Tp1XTeLNX1bbVVsrYMwwv/SB78dka+aLEdecQe8ZuJwIV6B0/s6/10NbWabCMN3s3Ev07baU7Byll7BnV4NBe5IkEYr3enXXOInedbRVv9ov0p6R1F76Z5T3e7N2d4cXqbWpr5M6ToDsHKT3DCrKXBWO2UODRiutOMyXw4lTFsly9HPTXbbr4XQbuhVolLmN4cVpFXG1VR6t9FLmL9A3cwo1E9K/zNdypyOcn3vZKPvw+evm3te4c0kfri3LYJfw+ennjz2rb+FnuYgXZ473ufHnH764dJ/5eeNkhOV/nJU+7BIAzHH/Um7fQppnkpbS2WNZd++s2XfwuA3dCrRK30d+WeYPkyddwF0W+Iv79ErmS8WtxzWb8GuFSvrnepT1gmT9i3tIueQs3f1tmh+mgymi31uxQddvYRe5CFQXnzzKNuBYBzSR4dfwuA/dCrfKFqBrV0Kmu3pfu2Y+xF0W+MfH8tfylO+1K+2/+QjP8m/eu7Re5H8WA0g93+d71QKc7G7HP8+h/3tgFiaaJl+Mc8pcm9H6dt9VWyuZrMj0rAdtVESUtCsUWVCnRcOWv23TxuwzcWf1HCq/nVEkIrGqZKYYISFntGGIF9ZBK7GbkixL3sn9bQbGd4cXNyP05PPMwi8jlTyzLEkLUm0CbCRmWle84z2PHLkr9jgzDyGK3R457T0Jpo84jVR/35B9PheuF6Zpi6Z1jngf7dZuuZ/5dnmKRA2q0vBzX7xG8GI1ZrZ9Gc82AwXG5p4XrhemaYumdX561mxegxrBqV2qKRQ6o+c/YGQCQ8k0t7XtkePJAL0YAwDCorlyn+rs822U8gUHQVokULzJfEDf+VPAaG9M1xdJLnvFgXD7MALP1AAAAAACuRw9YpHhDBgAAAOAKtFUCwMRomkaXdQAA8DyoVQLAlGialk7hnVcsQ1srsBLaSwht7dZleAEAGA6z9QDAsytP5KBqleU/lNA2f37fdT0aTJJv2m+HbddK7w8wxWlIZpDn2vcDntwUixxQQ1slAEyJaqXkkfFlJb6pCkC5rVIF2rZdabJOfFPT3Gi3piH7xagqCv3kATwStUoAmBjVA3bsXGAcunOQUsaeUQuMPWO3E4GUUsrYO376iYrqGZYKlFKO2WSJB1LfD3f6lvDNAd5ODJLIiLseMf/A06JWCQDAHFhBWm3U35YjZwVja61SFkOwTd83i9burP07bc9ub/oWva3fSSkN0y+HPVET+kX5z0LsMD9xpp/QBQDoRK0SAOYm4UU6gKrQ1tZpY7aMN3s3SsN9U9tv4rQ5OxBr029v+haip/Xb/yjSiDd7VTF7uib0i/Kvci+MXwshFr8MIazg4Oh9iQAvjlolAAAzdvxRTVKhTbPKCwu/j15eAdKdg5QHRxci8ffLoJjma7UNlntVhbyg6Tvx91HkLtK2u4UbiehfXtIm0ITelX/dOcSb/ULTFvtNTO0ROOE/Y2cAAHCb0NbWOyGE2GluFmYF4+UHd5RfbCHEQnOFEFYgtwvfXLiREJoI5FaoKDtTxAdHd/4sNRVRWAEPxrgH/W1peIeDM3Y+rtWT//hfJIQQ0b9YCGbYBnrRVgkAE7faygZqDzPVvNjbVTaFT/qPLEraAFVsQaF4Zav3pVuaNzhrudadTda/VYV/HzenFihqtn7XEj/HiE3o5+Y/8c2s03Ag1rUVYukCAHRoPpEAAJ4EX9SYrimW3rnmuTxzcDEusDqhsBUUAVYgZWCpvw0vH3tpNdOoJa4+6kunI5FHOC//3lUn4WpTLHJAjZaX49baJgBgdCyQjemaYuklz3gwLh9mgB6wAAAAAIDrUasEAAAAAFyPWiUAAAAA4HrUKgEAACZMjcoDgBFRqwSAieEJEoCiaRpfCACeAbVKAJgS9QRZfo4MbU3TLlwrrltoD5cWgLuhPgngqVCrBIApUVPPlyegX21rK63dZLWVh1OLoD8h33yhhcgHOdiXOmMzU6tPqpXimnEemykAr45aJQBMTPuaZrFvqofNcltjaGtaM1TkUTXTNE1fBSZZaLOtskjG9H3zRFtmV+Rip5od5vszTVuFpJvZpqm2LKWS7y4ppZFlWwW60W5dSb09sgqzbbsWtzPnaSJpHvJ/9R3/XXUdrGg73izEDvNjKw6qPRGUaM+qNZ+1EDFGxfKuPR26E0+7a5yTQn+3jovyT7cOoJ0EADyrk1/UniGEMLxYSill7BnCCtQHQRCU4qjQ2DOyqDKwhDC8clLlT4s4WXqxZxQ7atMV2TNKmwVWutPYM1T0bLPYM6xAHU45lfTvctZizyjn3DOs/Ehlb+R8ny2novUwA6t8wM0dPV5rHtqPN85OfPmwuxO5hyk+Zoz1MHa78iHc6eQ8wy3QEFjV77Euja+3Bzl50mqXD5ii+tcQAODZnPyiLtUjpczqZulfpSfOvK5pNcNK21Yfu859XOuLHNefqdKaWuwZKn5gqYzktcqWw4mb/XytUp25uoPuyJW8FDXGvsMstqjWMMfS8oTac3LSj+oZp1Y5RV11SNl/nlUZMAxLFYz0C6BWQoQqJvLMwOodmH9SLmcq0LKsRvT8K8jwPKuldLZlvx6tlBkruKRWGeQbVl/ENHfRkc/LDrb7pJVxm2AG6AELADNg/Fo0A0N7sd80HpuEWG3zH4FArEfsz9mp7XD0t2X9wXG76krgosinOH/Ep58IIfxP8ec5B532HG/8LxJCiOhfPGYGMQh1afN/tnaIbaE7h9gzokgEUgZivRaBlLF3/A6FEML/KH1LbPaqK2lroNCdQ/V9RH5T6c5BNipQare7nche6BzT+8hcZ0GbvbszvLh/LHdb4uUvt0Cs17tzTp8QQkTuOtsw3uwXae/v1vx35fOig+05acDMUKsEgBmI3I9inOGHu3xfCZH8HI1N+rSW+B9upD6vD4xcvvWmvHpfurWRmt3D8Doi684me8RS4d/HTe9jZOlwhPjffvm+aiZec/xJyvvsj3x2ztMPt5v93zC095vfz/FAWDtY0XVyEt/U0gfjQKxrw8CaiWAarqxbGl5an7Hei2Kc+PsochfpiM2FG4noX9gaeG1urSDdrf62TPcospzoztd1U42F30fvK/sOWW1b2up78pPVYXXnK6tat7gqn/WDBV4JtUoAmLbQ1tzIsJb77Blwv4m3KyGE7nxtisClZezWqvZQPC9qa5E9BaXTuSzc/HEyrWmstnKzL2/Q9669K7LzVQrW1uKPIxLfXLhR5Kb72a1VnWe3rh6OpuV1uWriWrku5PxZprnO9tkaWe0zPQ+hra13kbtQ++0/TOePWK+fpaGyebCi7Xh931y4kRC771CI8HsnRH6wXYlgQmp1yyu1tnIP2tR/cv/3SbhLa7eO06glAueSAIBn9Wpf1GPNqNHnOUZUTtGrld5RnH6c6xjDLNPJs+pluzVQKW7P8gxXxU4qW7UOYy7Hqszj1auaeHYYeUbOHVdZGybal//+fJ55sPWkGidN4TbBDFCrBIBn91Jf1EVHswtmCbqjvqmNcIaXKr0j6jvPeQdRK1AF2vDiuDTVcrV3Zz7lckuglOVbojn7TiV+ebd5FMOLy0MSDePkO6T2xKt3pmWd8Y2hDt2ySl8xpRmgW3bRns8LD7bzpJ19+YCJ0PJyXL9HAADPQQ2a4osaU0TpfYyJnufENz/EV/9sPc/g3vmc6OUDyhhXCQC4UOKbWismfQFwWv4NsthvnrlKOZV8As+AtkoAeGqaxhc1Jqy/EYYmmqFo50wDi+fGjYBJ+8/YGQAAtOMxEQAATAK1SgB4OtQnAVyEZi4A42JcJQA8ETWGJ/+nmletGeexmQIAAOhDrRIA7q59aps2rRvWQsQNFcvQ1jTN9JPuGIlvPnzSndDuylOa38dm53mdvHzdZ/LWyDfqL/DX3R0AgOfBJBAAcHeDPBDnX9Sapt3ype2b5l1n8vdN++2wXQ2WXmibP9uDM1h6E3fvy9e93ysv64C1QZ5VAOBp0VYJAA/Sv3xwT+TmR83Ei7U+TNM0fZEt/6GaHUNbqzRyxXn0Iqy8WkilCau8jki12VAlq8J90/RD39Q0N9qts+CTjZ552l17ZK2SFm2Xr/1MFpfI9P2iobM1clpgbLt+7pOLL2tTf7E/ubj2VacJAPA41CoB4CnUnp4v6vKX+OZ+E6sUgmUUCSGE0J1D7BkqwmorZWBl0SN3nUWPN/tFWkdwDtkjfBFTCCH8jzxtGW/2ecUytLW1CPJwNxJi4Ryk9AwryFI62balOwcpZZ7PNOFFcTRivd6deRZeRfvlazuTwjezSxRv9u7O8GLVytkaWRWY3S7bwjt+qjqnfvFlBQC8GmqVAPBErqtb6s6fpbtQkdc7KzjVX9QKsi6UuvPlHb97mp4Sfx9FWdrawo1E9E81f34fvbx6oTsHKQfqlhl+H72vLKnVtlb1wfmXL/H3wksvke58nXcirSDb4m15e1YBAC+CWiUAPJ3Le/2ttnlnwUCsT0xvY/xanJ2w/rY0vGpvRFqqxnXJ5SuhlggAuB9qlQDwpM6vW/pmdTDd8i3/8/iTCCFE4ptFT9LI/ciqnYn/4S7f+6qJq/el2zZTaC08tIvhduk+K2HnW70v3b/5VuFfN7o0hZk7+/Lpzkbsi3Gznzd2Jb7tsnZg2CQAzMrJgfJdxs74q7v6wk3L2KcZaHFFGb7xFuiJUO3bWIx/K42cMzwvHy1pWFa+geHFjeQCqxbalX45vAgthmWWctKuOoIz36QcbFmWEKLeXvqiAqvr8nWcyVL/YcMwstjtkfO4VlBEKUrCBZe1Qm1z44EPkggA4H5uXVmE9aPGdfWFmxaKGZ7QRXefKsM3ftM+7H5PfPNjlMUrcE9jXdZBSu+DbwEAwKX+M0gqfNE/3gtWtChmeBIzvftCW8v6yBqePFClnAnf1NI+xFxWAMDdDNNWyeP+473UmX+pg8Xzu6JADtJWCUwXbZUAMG/M1gMAAAAAuN4wPWABAPdDEw0AAHhms2qrTHxTrdPdNgk+8BrUbcA9AAAAgEeZU60y/OtGahJ0pi4EakJb0y5bY+7yLQAAAPCSZtQDNvk5CiGWb1QogabVVsrt2JkAAADAHE2krTLv1BfaaeOJakcpOryG9sKNhBC7ddr5rxbhdApZiGnW+9F2xaxGawsDhtQs9XlrYr1hMXIXpbKYb5hGaC2s1UDfVotM7Naapmm2TfEGAABAh4nUKlP7D/Wgm/jmemd4sZRSBpaI3A9/sY09QwhheLE8OKIR4e+/UynkD8qbLykDS4jI/RtmS7ilUWNv2b5t4ptFLLrg4g4uK2OGF0sZe4Yqn6utDKxKQvXC3yjn/92qLaxAytg77ijeAAAA6DCpWmW0/COllNvF//ZR3hiz3gkhon9xOWLSjHA8nptCtQ9t+L0TQlh/1HO07mwd0b2tCqQlB/dzURnT35binLvjX9ws582KI8UbAAAArSZVqzR+Lcr/ylpOpJRyu2qJXo7wtbkihb68VLfVnUPeGBS5C6Y4weCGLWMXFX6KNwAAAHpMqlaZSVtg3L9dz7a3R8it3i0hxO5TNdAkvu2Lrm1XW9V50DjvKICLtZax409X62HaAvleqTS2Fv5mOa+nSfEGAABAh0nWKsVqK2PPSOcRaZs+pBkhHVd5dgrlmIGV9RdcuMf2bfOlMrWFGxlefGHLJ3BSSxlb/faMtGeqGi9cyAOtoF4YWwt/s5ynqRfRKN4AAABopan/SSmv3F7TbtkcV3upM/9SB3sfiW8u3EhYwaV9vdHiigJJGQZuwR0EAE9uRutVAmiTVihFW7slAAAAcDPaKqfqpc78Sx0snh9tlcCDcQcBwJMbpq1Sfd0Dd0UxAwAAAJ7QNGfrAQAAAAA8h2HaKumU8ngv2HBHMcOTeMG7DwAAoAdtlQAAAACA61GrBAAAAABcj1olAAAAAOB6N9UqGVyEoWiaRnECAAAApujK2XqoAAAAAAAAxBW1SuqTAAAAAIDcBT1ga30UpZStKz1Q7cQDUMwAAACAJ5HWKrUz1LbsChRtT/yhrZl+0pGH0NY0zfRvPpbhpTnryviJ47op8lM5p3jcqH9HzfyIGRWz50GBv8gVJRwAAGCWhnnWUY2WWrUl85IEQtv82R6cQTIzLN80xdfB0R+/X/vtsF11R1Bn+8LzfKUneSaecTF7Hk9b4J/K1XfEY25YYH4e+ZMHTMKTPJthHgb5dv0/eYbmjls/as1Q4pvqVX291SL/QNPs8PYDuac4z2pxEB3HFdp5TL9o92mNrAJt266fhsQ3Nc2NdusnOz/nFJWr9e+ilo1m3uZQzJ4HBf48V5dzAACAmTlrXGXteainQ5eKVo6sOwcpZewZ1YihvdhvYpVwINbr3eVZf5TIXWdZjTf7RfrE23pcvrkWQRbT3RlerBp9WiPrziH2jN0u28I7fqpHcN05SOkZVpA9iU6mBedR5ljMngcFHgCAabji/SZQNmBpvGC2ntq+u+qWZ+Uv/D56X1kvu9W2URt4KlaQdQjUnS/v+N3VkJL4e+GlD8S683XeMVlBtsXb8vasvo75FbPnQYEHAADARS6oVSqD12ufnvFrcc1mPDRjmijwAAAAuMzFtUrl1rrl6n3p/s2bQMK/bnR9WvcWuR/ZxKGJ/+Eu37u65+nORuzzcWT+543dLY8/KqnQns5As+vd5W3FlIrZ86DAAwAA4EKDdMbt/jyw6jvMRk+VP7EsSwhheDdmZnCBJYQwLCvv2md4cemT5nGV+lgahpHFbo+cx7WCIkq+g9JGxXizskEu35keua+rMjDtYvY8nrnAP5XR7wjg1XDTATXcFBjEgAVJk7c1EDHZd5fENz/uuUTD41cWGfEqj54BnHTvAv9UKJDAg3HTATXPelOEtrbeCSuQ25UQiW8u3CifzO9+O8LVBixI/7k9iR4vv5bOQnMHS+v5vjiexcsXs+dBgQcAACndOUiWCX8ZV46rPNMgzalQ7nqlJm3sK4O7GLtYAQDwMtSi0qZp5ktHl1akTqdQyEPywEZIaKtV3NQa1FkidpjGzNPP0iwn0L9gdW1X9R2V1ifvynKRfvNAOk+In+TTPbRt1QwrZySNlZ+E8p8n0z9vd89lkCe/QR4icZFHnvnRr/LoGQDKKJDAg3HTATUD3xTp5AeleRCsQGaTHuSh6WwIpWkYKiFeXN5ClrdXf9RilOJWN2vPXTEXg+zZohS3Nf3mgVSSrSVjpOeibauWXLXusTsbRfql85NfgdO7G8KABem+bZUAAAAAJqC0uFhtnbHkf/tIiMhdaJqmrXdCiGi3q4f8i0+kv3wrD68Mv3dCCKtzrvk6ta/+xkVNW+Qz/rem33IgPdmOln+klHK76N6qnKvyHlfvlhBi17nqdyV9oTb8o4af6v/dGOKM3T0bapUAAAAATig3lLU0nd1t3hzdOeRzxUfuotlTNp8WSLbNRN90brardevaVidzdUY++tYIH353d0atEgAAAEAn/W0phIhKy4A3Qy61+GWIYrnqU1bboi7bEP/LlyRPfo596V+X7c6tqrkqt0/WW0p7jzPd8FM1Qar21NO7ezYD1yo1ZuPE/VHMAAAAHme1lbFnpLPjaJqmmT+/6yF+IsTqt2cUk+j0Jqk7X56RdulUc+90KabAUS2S21VtR2IbWGnv0I99f/rNAzmnN2nbVi25Wm3zWOudqOQ0chc9h7naysDK+rwuXKGGUZ7a3ZMZcr3K/Fn/xjRxDu1V16ukmE2U6p0y7MJSvmmW18hUa1fV1sVS+xVC1Ba1ag9PfPNDHA4n5kEf/Y4AXg03HVAzr5viHs8Ij0x/wgYsSEO2VaoM3al8++YA3YevS2TEXaPprsUM96M7h4G7bIS2u/yT1x8T31yLoD6cIrQX+40akhCIdXETdoXrzp+ly70KAMD95Stl5K1vtaVAblxEo5l+T5xB9vjarp49VjknkeIxz/A8oxh6WnrCLKbYtSyrHNjae7iYRbj8keGVw+rp9CTS46JdZyHFJMJqnO11uz5lkMv3hPu6IgOdJUdWhmwbXpzP45xO7Jx+2lbSsuL0UvKzZXhx+R+Vz0rDx/OZr8tlv5ZU+a6PPcPy8pPcfZlOJZ5HaLmVAqs8ur3yr9gziqnO28PTf566+qPfEcCr4aYDargpMIgBC9Lda5WBVXtoTx/mPKM0tVFgqSfX2DPy2HG5Aipl9bkvDyyixJ5RrVi2pNOayEkX7DrODqucgxt23YNaZVlnyQmC/LSnlZA8alY08zpFV3F6KdWzZxWFuHkm8zilmqcK77rra3/3XabuxEuftd1T/bXK7Jp2hWcpn1gOavQ7Ang13HRAjQCGM0iZvPccsOH30cv7MOvOQcqDowuR+PtlUIx9Wm2D5V61NVtBGlvNttQn8fdROqw1XZ4m+pf3XLsgnSt07Vp3DvFmv9C0xX4T03f7odqv+OLnM+vNkK9fJAwvjVpew6i3OL0O3fmzzOYc8z+P3u/sDLWeSSGEqiaqgYir7XYlOu96IYQQVnbfn75M7YlnijneBrf6ZZxecwsAAAC5Ka8sor8t661Jj6rH9ew6nduYp9JnENqL/abc/NhjxOL0XFa/veN3WBu1eMmZvNhdE6/eicu3U+EAAEzGIE1MeGUDlsZ71ypX70u3NOI1tNU0w7qzOX6WBsKG38dNadbGVtk6L1kajcTP0Uzkuq3ad534prYWqg+gWNeG+l63a9wg+TkaWblK/I9aK1jdFcVpnnTnj/j0Kw2VN53JUyX+ssTzXJ7VCWH12xPZAlHhX3eZNU53hauAf1HvssQAAACoGaSC2x+n3PbQPtuNEFZQBJRmu6mOvWykUUu8POtPezodiZxw3q69q/J/tUEu3xPu64oM9FzxUikzLKtaEANLlCaDyYZW1ovTa4obM+E0z2Q+2VHr+Wre9Rddpv7E812UA+sbZC3PRdrVJLrCma0HeELcdEANNwUGMWBBGnK9SjzSy65XCaRCW/t+H7yf8jmpUiCBB+OmA2q4KTCIAQsStcqpolYJ+KYpvg6nOs9fIvHND3FQ8wN1o0ACD8ZNB9RwU2AQT1erxFioVQKPR4EEHoybDqjhpsAgBixIU54DFgAAAAAwtv/cuD3vSAAAAIBxadqtPRCBW9BWCQAAAEyY6sfYHJgW2lr3qmmhrWma6d85a8hOdPfqdb2X6abIj8RbDZw2et/90TMAlFEggQfjpgNqyjdFuTJ54W0S2ubP9tQcdbjd8PMLnrtf++3QN7E94yrx0pgjCgAAQGmtEiS+qWlaSxtZ/oGm2eGDcgghhIjzM19ck47LFNp5TL9o6GyNrAJt265f1cQ3Nc2NdutHXW5qlZiYrj4eV6Hvx+Ok33qDfqP5Zul7tfQzWd5PEVzed+KbXHcAwFyoimW5eqk7Byll7BnViKG92G9itWp9INbr3WPz+cIid52d+XizX6QPJa2XyTfXIshiujvDi1UrZ2tk3TnEnrHbZVt4x0/1bKQ7Byk9w1LhUg6+wncdtUpMTPN78warrQysIRLCSepbb8gUQ9td/ql0Jml+c4b2Yr/JfzyLeqXu/Fm6vKMFAMzGWY9G4ffR+8p+OlfbgX+Y0ccKsh6wuvPlHb+7HkISfy+89DlGd77Ou0RWkG3xtrw9q9ehVonpaf3ezPsKaKZfbsIqNWBVugS0dAYoN3a9ZENWqb9FUv5H5bNSvwt1vkw/yc5ccTq7Lof4aWs6vDDxNMLnzno/8dpN/Xqqv1e/K1/hq9/e8fMVrzIAAHg449fims1GrCVeilol5iC0tayvgIw3ezdKw31Ty/t5yECsTb+n74f/UcSNN/sXrFiutjL2jLSjhWrHtQKZDuJ/z9sB834bzkHKwIrcRdoeGAhVa+u6HEKInZue5KKHxoWJZ8J/UaNSeXLswPGn+Ft/W0b7p5xEDQCA+1i9L92/xSvgv+WfaNxV5H5kD5aJ/+EuO1+M685GFM8n/ueNnZSPPyqp0L77yEoJnDJ6UTmVgcAyvJbguNyZPIvnWYYXV+KobVs6gVQ3fhWqKimllJ5ROlXV81OcmqB6PrOg1qQrF6S84QWJl/PTfYGyg6gkkF/rTG8SfUa/I4BXw00H1Jx+NOp6qil/YlmWEKLjVxtDCSwhhGFZ+cNO/nDScZlKz0WGkT+NtUfO41pBEaV4+ik2an/kGfDb9T/17AGvSX9bGt6BybXF6rf3+TcUK2G7yz8yHXqRNvAedCGESHzz75B7vEPiq3fr80eIlRDRv1iIfOzl8u32tAEAeHqrrZTbcz7ZbtujYTj5KW+c647LpDsHmT6RJr750R+5iCuEaETpLgiDowcsZmD1vnRLQ/eyNn7d2ZR7WYrw+7hxnK6+H7VEXpfu/BGfvv959H5nnTOSn6OxSYeYJ/7Hif4yHZejy2WJ57msjzPwzWJMZuJ/7pZvQojVb0+kPT9E+LfW3ST8F105yAEAgGemYS4WbhS5iwETvGOxG6TFE/M2elE5JwPlPpRFG39r18ruvh/VXrCv2QNWyrbupeW+GKoLhxXUe2KUt2hejp4eGpcmnu+iFlhKxmsJrMVudIg93+h3BPBquOmAGm4KDGLAgqTJYVZowJypFxsjFpXRM4BnFNra9/vVqy/dsjUFEngwbjqghpsCgxiwIFGrxGmjf3ONngE8J980xdehsmTlmRLf/BBXD6OlQAIPxk2HF9Rf7LkpMAhqlXio0b+5Rs8AUEaBBB6Mmw4viFolHmDAgsRsPQAAAACA61GrBAAAACbsvnN7AmegVgkAAABcb8CFH2orQJyzPoT65+MrlqGtvcKSbL2HGdqappn+yRS03lN10Zl82tPOuEqcNnrf/dEzAJRRIIEH46bDkxurqTC/KTTtXo/0vmm/Ha6db31Qz5OTqtA2f7an5v+7+xlo5QAAIABJREFUfn7B25w8aYyrxEujmwcAAHg2gyz6l+tPs7nr4h+Jb2qaZpq2pmmaHYa2pv4of6rkjWzdgW60W2efZEkU0cuNZirQtu1G9NDOk/ZPNdsJIYQocmOapun35KRIu55s205bD7Nb62HWTleRk5PifKsivY5dtJ+xy057z0m7D2qVmBhtpG4eL+VpO1cAAIATdOcQe0YUiUDKQKzXIpAy9o7foRBC+B/7TZxWTePNXlWuWgOF7hyk9AwryKqyeZuX7hyklLFnNHe72wkVP/aOn34ihPDNdRa02bs7w4v72+wS38xzEyyjqDcnQrzngZv9Iq84te60/TB7T2TzMIUI7UWRQbFe705cDyVy19lWcZHT1l10nbGLTnvvSbsLapWYGPU2rvmWbhS+ee/3PuNYbeWZvTTmegYAAJg2w0trEdZ7UZtI/H0UuYu08WrhRiL6F7YGXrtbK0h3q78t0z2KLCe681WvobXQnT/LLDfrnRX0dy5d/HxmbXFuVDrM5k6HOszw++h9ZU9Jq22j0tnFCrJnK935yir5LS4/Y6J52sdArRLT01qlrHeWUGpdHa7oE9KVeFe/go5EVKjpJ9nnT1oZu6BzxcN7VgAAgJvob0vDq/al3a5aA++2/zNirbZ5RgKx7mtRLDcbNhsVqzt94GG2MX4trtlsxFripahVYg5aOksIIZo9Oj7EpX1COhPv6FfQlYhzkDKwInex2G/Ut2TnO6pRXdC54uE9KwAAeB3qt3XoVFfvS7cxyKU1MHf8UZ+E9jUvkHVnI/Z52v7n6e6ivlnNy/KtMyfJz9HYpA2Aif+RN1a277T/MM+2el+6f4txnX+LJtJekftRtHl8uMv3rqemy89Yr9su30UkcMroReWMDARWUaizek7LOysriD1DvakKLBUxVhWj1sg9iUspq3Wqzj2W8mh4sZyC2DNqWY3Lh1o6kPoZeA2j3xHAq+Gmw5N7fBHt22P+NGIF6hHG8GIVpn6zqw8r6e94a6CU5Yeg1uei4qPybvMohheXn44Mo/6A0XRJTippW1ZxjF077Uy8Rfth1j+xLHWKTyWUZi8/K327aM/8hae9+6SVqc/6TsPZWFkEp2ljT+l+WQZCW/v8JQ9O+1zPiW9+iMPBEaGtfb/L7Srxzb9vh+3qrImhS4kL0TJfc28ioW3+/B5hVunLJb75UZ0AOztLQojKgTzrNN/3NfodAbwabjo8uccX0YneFM0HjLnudCj3zvyABYkesJiDjs4SF3V16Izc3RNDNPoVDNS5Ykoe2LMCAABMUD7nxGK/eVjtbpSdDmWSmR+kxRPzNnpROZmBnv4M7SO3B+kTItv7FbTFr3daeNZuo5d3rjjVs2KWRr8jgFfDTYcn9/giyk2BQQxYkOgBi9NG72UxegaAMgok8GDcdHhy9IC9TOKbi9ZJbqzgwXP/PU9ORjJgQaJWidNG/+YaPQNAGQUSeDBuOjw5apWYqP6CdFExY1wlAAAAAOB61CoBAAAAANejVgkAAABMmOqpCIyIWiUAAJg/Da9n7EL3IOpIX+F4Q1vrXr8ttDVNM/2HZug8ac66F57rPa6bIp+p/w4680Zjth6cpo09Inz0DABlFEjgwQa56V7hmRs1D/uifvzvQm2PmsYjvRAitM2f7cEZOxstfNMUXyMsPOmb9tuhbzLbQb4YVdmjrRLTw5MBAOA6gyzLhuc3dkF7tOYh+6amGsgS9Zdmh+qD7N9atWWvCDVNszU8S0EloP4R2lq5Ga5rpyqa+sw3s+gdOWmVx60305USyY7wWcV5VouD6Diu/ISZvl80dLZGTi+HbddPQ+KbmuZGu/UZ56f/PjrzRqNWiYnRHtHNo6UTxT36G5zMxIP3eNIgWXrC4wIAYGacg5SBFbmLxX4jpZSB+A6FEML/2G/itEoQb/bqaSfxzTw0WEb5+o2+qRWxA7E2fSGE7hxiz1ARVlspA6t/p6GtrUWQ7zFfHbI1J1105yClzPebCe1FkXGxXu8GOHN3ErnrLKvxZr9Iq3itx+Wb2QmLN3t3Z3ixauVsjawux26XbeEdP9VTlu4cpPQMK8hqgPdef5NaJSZGvRe582vI1bb8HZkFNTsu+OYd34s9fo8nd9GapUudn8gDDhYAgBkzvFiqHqGr7XYlROLvo8hdpI1XCzcS0b9QCN35s8xC1zsrUJsk/n4ZFD/Zq22w3J/zWri60/D76OUVGt05SPUU0JGTy4TfR+8ry+Bq26h0PhUrP5e68+Udv7uONvH3wktPmO58nXdMVpBt8ba8PavXoVaJ6WmtUrZ2rmjvidHV46KjE0V754RL+hV09RXp6rRwxR67Oq5cpnsXzSz197jII+b/6jqu9nQuOb0AAOAs+tvS8Kp9GFVtZLXNA7I2yZFyMlfGr8U1m41YS7wUtUrMQVfnitaeGB09Ljo7UbR3urikX0FXX5GuTguX7rGr48rFunfRzFJfj4vAMrJ3h7pz8Iz0recFPTce3m0DAIAXsHpfus1xKMVYR2X5JoQQurPJftuFEEKE38dN3nJ5/MleHp/odlrbY2inb4rbc3KZ1fvS/Zu/dg7/utc/At1d5H5kdfXE/3CX710PNrqzEUWbsP95Y6/e9EIVJ/4S6hnssthAj9GLyqkMBFb9dVftw7j4Z0vvCCtojVZNM/aMSgQpZbXa0y8uRy3tqyv8wj2W++uem6UuPQdVy1JP5otPaie27bi60jn/9D7Y6HcE8GoGuemmfOeqL3kre/tmCNXJ8M47mrQHX+7Hl67Tj0Ytzzqp6pOQFbSFpKpPTcUHRbjheVZWIDt3Wk6lPydnHk4RufIEZKmsXHQmHyCwhBCGZeVHm9++HcdVOu2GkT81tUfO41pBEaX4fig2aj+96rOrD628+X/q2QPmTX9bGt7hKWedvsFqK+VW/RnamunLsQ/Q+SNMP1k5uv8p/hwePpE2AMyX7hzkzH7EMLzSg0FDswStuspUV2mrhjuO2pXetdOuMnt2We4+nNon223XUY8oz2Mjcx3HVTq9iW9+9EeunMRGlL6CMDB6wGIGujpXnBO5HHxFJ4oL+hWc3Vfk4j22d1wZdBcXW203+79haO83v2/ouzpETgBgLGrguGma+Qjx0noB6dd2MStAFtgICW31s6GGmmeJ2GE2Ut+sjVkvJ9A/Lr22q/qOytMQdGRZa1k7Is92y7YAzpHfe4v9ZoRlLq9zdYsnXsfoReWcDLR1rjirJ8apThTdnS7k6X4Fhba+Ih2dFrxL93h2B5LztOyi5SR4/T0u0o3Kmbm858b5p/exVJ7GzgXwQga56Ua4c9MvuNJ3XTrkohJa/sZTneQqIUXHwuqvlRWkf9RilOL292dt60nbtUUpbmv6jQNp+VF4rAdf7seXrvovKnCDG8th+jflch6G+Yo6o8SMYvQM4BqNEZWzQYEEHmyQm26EO7dUFytX4fLK2FnrINRqirJRq6xW8MpRz6lVKtWBW22j57JYren3H8govwUPvtyPL12nSw5wthvLofqbHrAABpb2elrvIndBv1UA6FebBa0Wcr8psHXnkLcrRu6i2VM28c2FG5Vrwv3qtcfexHGjq6sBQNMgZbKoVY59OLjSIOUAGFBp0StWBAGATmoluqg0qr8ZcqnFL0MUo9JPUd/XHU2N8b98hoHk59iXfnu2exMHMDO0VQIDqc5qcN5ECQCAF7baytgz0tlxNE3TzJ/f9RA/EWL12zOKSXR6k9SdL88QkbvQNK1/brjiV0u1SG5XtR2JbWCplkbtY9+ffuNACkXiAOZMk1JqmiYEAyyn6gGXb/QSMnoGgDJVIBWKJfAAg/wKvN5PierBagX36jVy7/Rv8uDL/XqlCxCiWvJpqwSA66l38WPnAgBy+YoeeSthbSmQGxf7aKYPAA9vqwxtbb0TV7zXunrD2aOtEniwvEDW6pMUUeBOaKvEpWirBB7glrbKfOXdFzfYeUhXSGZ14EvQOoQnUZsxi5IJPL/28e+YnbELGvBy6AE7Mt05SCkPjj52RiZD0zT1KF/+zcinHJhT/Ty0ew4ntDVNM/3B99h/CnuzdFPkKep6duFBBwAAvBzZu3JreXkiw4t7VitKFylSMQzDqITWlzmygraFdWVpnabAKq/7W9mwSy2vrcv7puln2RNWkG+lYtTmv86XXqom7lVyVVp+uLxVx6loP6fl5YS7T13rOsLqo+7zMoAH7OL8DDT/yMWeceNSy57RV8SeTGAZ3uCJ3nwKr97vhM78TR2cJpdhzMMoBW9AgxzFPE4FzvTgy03pwmsql/y+WmXLUryyXAdqi5hWpYo/i6phqfJV3b60eaXWl1X5Ojds5CuvO1qV2lrxZ1pprP3ZiFDOixerv8rV5qxemWWnJULcdypa89mWSNsl6LucdzL6d2UtAz0ltn6uqq8W8uCirm546UaNBbXU1VXB5Vp/vgu1QX6Z0lgde2yP3CFPo+dwrOButcog30ux/44sld7KeFb+aWvk9ExaVnEEjYOqfvC8Wktg9SBayudY95EAhBATf94d5BBmcB5wvgdfbkoXXlO55J/uAauWJGrtyZZ1O1y4UfWD5Vu5Q2f4vRNCWO/1aXY6N4+Wf6SUcis6NmxKd/FHdSTVna0Tl7ZdvVtCiN13NgrS+LUQzT/r0iV9/8XJ//ZRdh7U2kzRv3+VA2mJEPedilI+9TMS6bkEr6lcjvv5H/tNXi/a7FWX0dDW1iLIA9PipzuHaouZmhdKdw55rWe1rbQdOwcpAytyF4v9RkopA/Edtu+xK3IX1S+6UdsK7UWeeCDW/euQXS1y19le4s1+kQ4ebs2Sb2YnMt7s3Z3hxaovd2tkdSZ3u2wL7/ipinTHmZ+QWtfW88vnIw3z64FpGrv0AQDmr69WqTuH/Bk6che1uWnUKkXlzp4X6du8p6o3nkoTzfb9VIQrn4trifRfApyQ+Psoraenby+if6EIv49efoF053DjsFbDi+XBEUKI1Xa7aN1jR+RLy0j4ffS+sqyuto1K51CsIDshuvPlHTtrv4m/F156FGpV7LMSz7Z4W96e1dFNoj4JAABwb6faKldbKVsaTYQQ8b+8hTH5OfalsfhlCCGOP5WmtnM2b92wPZuqNTJt+0h821+U2ie7Gkv75VuljZbu366n65MRevKZH1tnIt2XACfob8t6H9E7N4M9fo/Du/KlzjxqiRehPgkAT45p0oCH6atV5vNqlta5Xf32DCF267STpuqc+bHv3YdqxlAtOHmnvdU2sE5t3rphu9VWBlbWf3ThHrO2nN1abXvZMr2Ru1B7VA0rq63M00onGl3k50HT7LAlQkdNuJnP8keNRNouAc63el+6jWtRCwztyhIx2UuManAamvjmqYLYtseBrN6XpZcO4d96z/GBRO5HNrVs4n+4y863MbqzEfv8WP3PGzvktp/550d9EgCeHHVL4BEkI4zLzpke58k84PKNXkJOZaDZBbsYpFdt5E3Dy4GVuWGCxlwystxQXJ6Tpr7TfIO2PXZGvuxwyp+oeW8GnbBHzRJlWfkBtM5cXMpSqQndMPKpktoj53HLkzsXt1rrmX9WKqOP2ep2Y+13ACdmacO5JlwGMoMcwgzOA86XX+7aD9K9dwe8lHLJ12S27p+cxuv20G5ptsxnCblZPtxzOitIPuDyjV5CRs8ATkp880N8Tee+ucl1BXKsYjzh20d931vB2R3JL97gRUy4DGQGOYRmIpqmTfq0oEftctfaKge/7jO4y4ArlEv+6Tlgn4waZVgz3KOsmrzyRR6NgZsVfbT3G+4bABOiHoaaHSNDu2fS9dDWtHxy7xeXnovuMR+9Z/KmyOfLBhXVr7I2tMFzDkxOUasc/AbDY4xYegDnULzbGTsvmLXQLr718mfPaqBvq54s2Yh39akd5hHtMJswwPSTfARvLeVGhNY9Y+p6fj1X2553y2p2BAghxGor+ycS7D2TN0X2zSkNvwdexOTaKoG5KOZiquHHEqhKfHO9S0fhBpaI3A8/Sbu7pqGxtxT/3ZYHYvZ3gt1/qBpoM+W//8oRfnyz2AkdWWaktadi/q1cf31Q+rrmC7ouzk9Ocdo6zmT+isb0/aKhszWyCrRtu37iE9/UNDcqpjbsvyKtY8C6Pr3dzWcTmLCiVjn4rYXHGLH0PMZs22P1op2viiFhQEXyv30kssmz1zshRPQvThd/+qPqebqzvaTCFy3/SCnldtFM+XgsR/iviu4uaKicH/UDWv4ZVd/KjZW8Qnux32RTl4n1ianAX0zkrrOTE2/2i7SK13omfXMtgiymu8unsGiNrDuH2DN2u2wL75guyqY7Byk9o5jF68yfzFr3rhd5ggIeibZKPC+6+ALIVSbnvvHdS3VZ1krKX5tyBN055B0eI3dBQ9XMnFWvCL+P3lf20kKtWoaCFWRN+Lrz5R2/u26RxN8LL71x1cJxZyWebXHDksjUJ4HHoFaJZ0R9EkBOPVBGpfVahRCrd0sIsUvbLxLf7mhJzFZCPT/l/2/v3rVTdf6Hjw9r/S5FU3yXVwBXgE+TKm06LKHZXcp0aaDULq1Vmj9cgVyBK0XgXuYphvNJVFDQ96vZOzgOA3L6MKcqNUgcsQTQoPyGprdrosSzEE8CN0NUiWnp806RgBN4LuZWRq4u8p5Uhhcnw6YkrVeXzlEIYf5z9Xy0HvVX6Cy1hgmpWnNO+lUm8v50atIp2qc/IfN1VXjvEHw54T1LMzWh856OiBt7787qte0UWdhvYp+9+/E+r2xHnL4uyobd6kQ8CdyCZObWmbvBz3fNKoY9VosZDrd9vfhWuZncmbJ6jmsy6dZeQt8SQuhunxy6C3jWTrhyj03ZZUfgva60XOHxAMfAIJtwKpP64K5p573iJ5bV84r68NQtw7KyWvzskt+yJwsV/rqup6mbE2dpLT9Pkt9T8i/lHSwrHuCwB6aveKJpUkqNmVvn7AY/3zWrGLBeURbmMp7p4Rp7xrv4vscwksHG+Nv2mPzDM4y7FNAzNi+H2VQDXXZG3OtKyxUeD3AMDLIJD7AfHsYN7ob83MANFE80WsDiFvq/7Wj8Sv2j+iryOeUMzzMML07HJQ/yT9UQjqpFWzYvXdZ4pm1561jztZVuNs1rbNNQQpWFYSSz6yUrONG8p7mEFw+FP+1h4gFgDBpuaOmESev14dz7CAKeXXNUycmJ26sEkGfdJIKNlg5YLqO3ver1osYlVwnMbd5gxj5I6Vuhs1zu36SU0hdqzLq25S1jzTes9L9/zWts01BClUUYCl+NYC98KaOOUfXSfGolvHgo/NkME4+zDPv0hnm599E3D33efmLK7n0EAc+uIapUd6D6fSjYdFS8BKqeYuDSTUaQV8O0Jug/ldlZiZ9N5d7Q75Eo+Dm6WSyysA995irX3UiqFqHmthjGtC0fZKV96enw61brwAcnXDEU/vSHiQcAAMCk/K/yd8cTvLmV7Q+45lb6wvgbqlhTY26lezS6E/R/+j8r8bz6mw1FBZa8Yr+HK4aJf9gLwCPgRf4z41oKYChcTx7ASI8E1brKxtW09iu7uOPWTNHf7LZ6t2kxX1dOYZeWBhpPRh+PPaN/I9BeWld67hpHKeHlQ+HPY5h4AAAATIhsGnxZNHUwiFy9PE9AceKAvlMXzJeri3xQ68jVy4NZV3ZO/nHk6rW5Gmp7UqXKv1HOqnXUbKX+8w3umlUMUrw+mRQbYOa7LG/5qbuulf8j6omrnSDblhezb1hpwxqjrkxq6fPP04k+VJL246Al8/OHwp/4MPHToQp6m29d717rxXQ8wDEwyCY8wH5Af/zcI2HHztrgP18xwzNmFqkOAx1sjL9/+Z+xZ7yLQ4+pC2bKM7Tfj3wckdgzvgotU0s7p7wr6sNnNy7Jcyvv2JMtYHv+fNe4ZhWDFO8G24gr3W/SlDu47IC812HM6YMHOAbGuJVos52kCn08wGE/TezYWRv859OYWeQiV/Q3Ax5U1ih8uX97kpByghjnEzhX48CEHfNIAQC6XRFVXt5xa6bob3ZnZ42kj9vIT/vQuXdZbueepwGAIci0s09xYds8UufyjLnerC8o+SAbO989BiDXo4lte5ew8ztuzdSU+5ud+vkGcM0qBilenyMZuLG7nAsX5DzeejEXD3AMDLIJPTOpj31QCjQLzzn5/Vl3ky/VQlJ15y52j1ffylahvpB1oa8/RRTX2Jy4TeGho7JF/Ut+Yk+1faVe/mKJk9Vfut5+HuCwnyZ27KwN/vMVM+wTVeIqDfenQd3g57tmFRxdgDLeudCdc/1TTsln8wDX4UE2oWcm9bt2cUHk6ipM8q3KsGt5msZh9qLiUt8qrSINNNX/Lb95jW2JW/l+cWy5LOW5Je/W+JXm8qv/ReUhCi9d70kPcNhPEzt21kaNKqvzVdbR3GsIS80ZLC9J3R0wW+NdUXvmrKXdySpXkmCjff4XtXSODTbaeqe7cnrjsSUlayv4ie26KjGeReztwzAs3cZXgQh+jq48JD1hFvZBXndy5Aexud3GntGwRmE2Ju7IdPn3qa3X6V9p9eTAJW/QvMeEubAPkTCWmiN0N5KcZ8CDOd2vcsBwFoO4wWEB4CF1RJ7mVrZHU+a2oQH/JJhb2d0JrnO7rkpMT7BnsXhZVXv3dA3MPpk1Bpvl/q1YYXgzHeWPfkMhhAh/o9sVBw9OjbJleHE2/kg2Z7yWD71VWZYNzZUnUSkKGWyCfpn3WN199szNMQYsANzCaC+aerWAzdLUC9Y67mXhrjv1+CnKippvRMt2Zfd6w/M22aeNidXCzWZT3Q2xZ2iaE+7Wc9k/uIr5unJqz4WVhZXx9JqH2UuWxp6x7h7Gr3GNZ4r/jvpb8pIk9t7zodUuKXmn+leayx97hrYWqm+pWFdOTAYmxJX27+q0ij1jvUtaYPuWCJ13L1bnXNYs+/DytXTCbG7v0FmeOubSzIONlmcUuat+q3ueevmTTySYuBv8fNesgqMLGFv3WVb/tDFxrS+Zb1WGJZvqYGyuLvKOYVGx+1iyoLhd+ceV/mRNiWW5/1ctq+F7go3kAa7Dg2zCqUzaxyaUlSrxZHlxYeloaBxmL68u1F3XSo/a6kqzLzStsTVxo+K4gWq4wcbMT5e8W8tXKuV3rxuY8AIqu4EyQ25yOzY50IuX9up5Uh49KlKHW/KF7I/C0vy/5cxLX+y9ulvvkE6D/3zFDE/3qwQAPBLZpyF98HN0v7fJC1ZzG7nH93FLdQ3LT98FL+xv1/gKhNnYXjD29sJNOpQt7G9332ebLD9pvLd4WYm/YQqMSTK3UrZ1U2zsftjaJ7Exp3IXRttWCRZtK23KvKuEdZU+k8UumOeVvFvLV+qrsPO/a1+5YL1AUXlS+Vpve1O+bLT1TggROsu1ONOpGeu7V6f9+mO3mp8IWsACAGbt1A2/xeJlNXRJAAD3pC7sofNVbdNqbqUs1S3ufgIhRPCzE0JY2Rz0aVvsRuarJYTYfXpJW/aNJ3qv7hk0RJVM8w0AM1JshTIY83VVuE0GX3mvrOkJnXcv+W/svTur17aXwgv7TeyzzlzeZ3fftpPoCQYAE2NuZeTqIu/3XhqbZ+mE2ew2u7WmJd0kt6YQ5j9XV3WLWmvHZzV0XegsVV7Hfqt7jopKIWr9Kuv/wcQVf74JruIGxQPQ4dQ52N6XrPiJZU2za6Xq8an6jAkhRKUvaH27il3N9KyfZHPi6OY9wUbyANfhQTbhAfZDg9bKkKkflmN7zJ97Atixszb4z1fMUJNSqppJ9UE2iVl9NrPrecbm5XBtwD5IJndc9eDlL/58I7lmFTcoHoAOnINtYs94F9/PMDrfAxwDg2zCA+wH9MfPPRJ27KwN/vMVM6y2gFVBZj2kzOddMTzPyIeDLkz3kk/rct447OUpY4rLqvnccTD3s8qfLtkE2Y4zvJjB6AFMjvbElk6YtGMayL1/TAAA7qdPZahv5S0pioOxu3q5LZDuyvPHYS8miVw9a2HVls8dB3M/o/xRum+Km9GeyTVO/nz3XcUNigegA+cgHuAYGGQTHmA/oD9+7pGMG5bgJgY/HtT/+8wsEvwcXZmMxV4YqDr29is/bztkbv0fw4vt/3fWOOyxtw/DcKk5+aJVIIT6+gzGc28r/8I+RMJYao7Q3Ug+QQMrAADmRBuhpw8APK17zyyyeFlVh3+Y1UhJHeWPfkMhhAh/o3sWEAAAVKgWyyO3Ww42Wt61B3gkA1Z24ZZGPSr6RJXm68rJe1JmY6gv7LfjZ75YBD/Ht1OVcvVx2CuZ93HHwdz7lj/2DG0tfCml9MVaKydgMHoAAO5JpmPd90zvGRfcr9UsBBe6aI13yHyQrEbdWAA3Ivs1PS8OXJ33CyyPZ235F47DXh4V+9R47ncczL1f+d3bDkbf5+e74ypuUDwAHTgH8QDHwCCbcN7Tjq7r+UAJJdnTjrqLq7t6eYiFLKVvZQ2aivmUhpBIJu7JHwya1nhCIXotjmeRL9bdZBiICzJv05FVfWPTJYVHo6HLU/YAh/00sWNnbfCfr5hh36gSk3WDn++aVXB0AfdVOQc5H5/QA1yHB9mEk5kUhwb0rdIErfWR9qLiIt8qzH1anjQ1zWTcsQl9P0vs6oVwt2moxbMz7zTNgQzlQxz208SOnbVRo8p796sEANzKTfqSPY5kjqtBW+YVp+YS6eRTlW4U+XxV5XU3L489g557A1nYH6t0spn1zvIP9tlZBD9H9zvtDWRus4q42NsXJrJZOqEIf7NfsTQ24WWWf5/pDDdOmBclG+phYR+kvNXkrG0bu7AP0dt+qWnL/Vs0r1E0gIcy0mxYRJUA8CzkmX3JntzCPtRa510n2Dirj+zJPvaMtfCrPe+CzXL/pt77+mKdx49tyxf2x8qhU9pAzG32Bt4X6wHD9XHHJgw2y/1bQwvcO2EgQ2AOBo8tiSoB4IlUQsqkOm6zSes5CuFJkC3UDC9OkhrGRiUROXbsAAAgAElEQVRLPk3T5/VoNx30Miuj4cXFPxrKL4QQQpXS8OK0vMWoLU9dqlH8a6oiPDPzJMHnznrNQ4mFfahHFqquS/3f/Ocef4Lu5cmfn1RXDqBSkyxWL4U/GkbaSxbFnrHeJanM15XzlR9UX2nF4ahjE8Z/Rz0dLjH23pN1tgy1eG7ml5STgQyBSSs+CQwZW47RxBa3VPk1x1vF7b8L4Honz8G2bl0NPbWypGmHraxrWVufsRsol9nKe2s19TRL0oi0t5tvdfdAq/y/a+e0Z174rKnzWN4lr/ZX5OrpnmxbnuZczKPqAa7Dg2zCyUzqYwfm6iPt5XWCuuuqHpSVMQXTcXjyrpXV/Icam7BQP6lbVj6SUPNQi2dmfsIkBzKUD3HYT1N9x7KfZ6Ty84myKzMkqpw9UTPSKm7/XQDXO3kOtgw60jDKdx7MpPFR8t2GJne3HKM7j9aKcV9D+evbWFjUmPUZO6c182J5RooqZUvWiQe4Dg+yCQ+wH9AfP/dI2sKSSrLOd12lgayG4hfe7bQl6Pr4isQzUo8aBqEypwXsg5Aj1WUDeFLn9NQat8/YSWmD0FKvxVF7mo2aebnLWd4Is205ANxHx9Omue0YHuqqqVw71th9Me4s0lWJmXBVaYgqCUhmqvISgtgSwOWae2q1uaDP2JAW9of49LzPo/svDWavKv+prl3nZZ6Vstf4nuY/VyQ9zETw5azSfphty9WC31D/b9mrFAAwlMa6r6yXffWmUOh+P2IQFmVrydffUqRCX3xvk33amLh1DILYMzTNCXfrG2zacLorMC+vApWVFrFX5Ch71D63NgEaU3stdt8q+CnXqo9/7F11SFzzXQDX6z4HO7p11XtqiSxpek0szgXf1SdtfPV7S1NPs+rb8fKMedXlZ+2c7syzVRQXVr9Q731XzqJteb1BbMUDXIcH2YR574fWOvFbn2tzMe+fe8LqO7ZxP5c6okvZMZXrgFxd5I/rtbtCpUj5x5XpXJvL3z4GwTgTro6k8vNVribXZt64gmtyrP0KAxv6l2vtTlNb733aV5/c3ua7zAguK/8ghymAi3EOTkjLeD1j5/oAx8AwTzzz3w/oj597JD13bDUqq/Q5P/Uu7DKVODIqP0NHlWHlCgVojCHrS9q60M8xqhzkIb+ioQVsfU0iHTBd0zTNMNSEy8XpoavzODfVPhdGnS9XQLePR18d5z04u5a5ucr74ir4CdeqNx40bZ9e5pw9BQCoMbfu8XPglsKx93l0mVAeAIS4sC9Avw4Kj6PYRW7Ah/xeo/XEnpGNS+CvQtWDpDg9tLktNuUJnXWaPHrbL5NQyD6k0Um50Y/3Xhjz4G2fBZbBJp3WSMrobe+EQiztQ/l9wMn76MI+yGqzkeIoC75YZ5NMndS8XU2rEGpq67ToO92NVJffxsRqT+526Teyh47F2dsrat0pCQgBYDrsQ/8BIPpZ2IeDPWiOADC01qlchxU672kFVey9V3qgFy3sN7HPq74+e0cDzWY54ergMUKvqHJhf6ycpQpX1jvLP3UDs/z0rrmwv0tzNdfE3j4M07y1pROK8FdVf/4c3SyKWtgHecZQTJ3UTNJJVub2nMH7+m5X7O1F+uZ4YX/3W4Plp9+49H0J8SQAAD1pDGgHDC9prLd0sud7FWWZW19kje/WwrJCp9JE8foVO6FurfZpULF/i9SjdXOR7O+3fRqA7IVeyKYhcewZSyfcrbVNoCq+dqGzzBoe5nHSWvg3HQL9QiPFCD1nFjG3WTtIX6xPHATn1D7feTz6s0y6Vp14EgBwgcobySehNnmyG946iiYwdYWQofJgX/xku91KKQdtZ2FupZSH7TZrG3nI65Aai7TIm1F+v50of5Z2a+ZJ8vqu/EuTjWJuoVdU6Rnly1phmqykxjf2jLwlae/aZyHax6PvGOf9ulrmy6vgZ1CrTjwJAMBJMh2b8N4FadbYX2ZAA06vN0hWTPf3MLR5KtRMDuPev8OdyB6jObWOF59f8HTXzXpLFsegbxo3tTIMVHv+9XHe1dcbStKsPsWq5VcWW1af0Y3VEMhN29WyiuKo83o2ilRz4o7B6/tsr/rsxJ64n4kXD3h4nIPoPgZmcYQMUsgemWR33OSpJrkXF8M73c0WqCeI6g26llhRS7P5ePKvFB4NTo5Cebrg5UzyxbqbZFYLVS8fvLIjq/pOKG52Uqyhy1M2iwN7jtixszbqz9crqhzWGVfJhzD29k789J548YCHVzkHOR+fUPd1eBZX6UEKeTKTtvnrKvMRFALLhsnrGhMnVDSllvhW8mXfL75Mb50IoVtTJr6Vh2iVCfkGnAihMavmnaD+F5X33dDlycziwJ4jduysjfrz9exXeb18lpDl/m3oIfCmKJuE5Em2F8D0aRPrSxZs2rqNBWpGpj45dHc9a1/FtYlnp7ul1oBNvy523/3TOtJe67CCTcPstSdWdDdK+pKZ2+TLy7/PdA9cPixmQyajjXp4UttOWNiH6G2/VMOoPHf/M+AR/S/73+0u6KGjac6N1jUFz7a9AKZKSqlpmpxMXzJzK1seLM2t9IXx1ycH92hctIprE3vG5uXAg/HDWrysxF/6P92tT9/S/PqhJXG7ZLazw0IIIWLP+LqksINkMpyOnRD9hkIIEf5GQvC+HXgsN6urBADcXyWkVENNqoEyVJOSYmVd1uZCMwxD1RzG+bJiXaJaanhx+vmJsTeah7gsZH7e2B1R9sU8v5ZRNLOGM4bn5RWdjYmTnbPZVAsVe4amOeFufVlp7+QuDaJ6uu+eSbSOtNc2rGCjsxILEf8d9bekCjH23i+rrGzOpGPUQzHo9Hr1rJp3QuwZ6UTkvlhXTsxZTvcHoOS+NxI8PA4z4L5OnoNRsUtTYTS1Yp8u30o6g53dZ6xTuduYb1UGQjs1jpri6iLvMBZVOqZVe6a1dZxrTCzb+87JcXqCjaT7GJjCVfpkGQYp5OlMmkfak7I2rKDbOcxe0xiE1eH6sqOnuE41KKDltwwE2K/gaSbVkpSyOGPgw1Nasjprjw1ZntQgxwzqKjuWnTwvo54XHAoYF5d14L5OnoNtUWVlvOzK6NYNj4C18b1PKsVpla9Hrt47qqwMcNI63kk5z8YYsr6kZecQVQ7pZBkGKeRZmTzbyIKPZwoH9kMq7tjsTnDfIt1AMuzzoBf9yjUmfTFbf7PZ8L6leXmP++aovxctYAEAjQqTQftibXiqu1T5JjKFjoX6f8tLvpaPsAKkGGkP6E9Oe97XAS3sw8DzxwYbZ/WRXWNiz1gLv9qmIdgs92/ZTThvGt62fGF/rJw7tiAnqgSAZ5d0aYo9Y531JROeUe73tHo5u8/YWczXlfOV3zS/+vcwC533tIdn7L07q9e2SLe149xlHqQnWPEFNuxD+sLkjBF3gOclG/vq17uji+J0EJrhxUlSw9ioZMmnpe7r9T78HQqd5uPiHw2rFkJ0DgeQJze80q3wLytV+3adyjxJ8LmzCveqhX2ov6QNfo7ud3IhMv+5x5+ge3ny52ev3TWKkepAAYXDDLiv0+dg/gK2NPN7U98w2bK8tc9Yi5ZuY6Umt1afrpWq/6XqSJZsQrFnZn0VzR3nmhNHN+8JNpLpX4dPlnCQTZj+fujSWlEy9cPvXub9c0/YyR3b2h29PqtqljSdXDXrdNDVh79z1aVLdHZytM0K2zQcQNtEr5X/d21Xe+aFz5rO3HI/i9JfhdatbcvTnLsa7496XnC+YVxc1oH74hxs8zwd56Z/DNwgqsyCsGsywYzwc4+kT1TZ3B29/GYkCSLToCt771d6pXf225M8Witd4OurrhevsOja7WrNvFiekaLK6lgDFaOeF7SABQA8ETrOPRv1c9+7FMCTS2ZVzUKhrrSX9+FPG4SWei2es+qzjZp5+BsV/lq9nFp+Z0SVAPD4NKTy/pqhc++y3Mg9j7y7evLNBybkvKlZL+/Dv7A/xKfnfR7df2kcetWqT/Wbv2zK2X6DxZn/XJF03xfBVz5mQNtyteA3vHAEuwGMVAcKKBxmwN3d6faCabn3YdjlZAnP3YTGba9kMvF9gitN/7Cfqe4d29EdvT6rqsiSJlMUR8UJPNr69p9Ub17aZ1bY4jfqE72etV3dmWerKC6sfiGtqs3zLmfRtvzk5CKjnhea5IEDY1LviTnMAABtTt4pBqxyVGvJMrzx7SnYaJ//RSM1vW7PPNho653uDjuwbZJp+9actbGD7xkeP0bCjh1GsNF+XgefnOtkrqP+fESVGBdXHwBAt9tHlSrPke5NnrF5OUxhKteiYGP8bYeeLsUzDPF9h+7JffYwjx8jYccOZfjTJ/aMd3HoPM1H/fnoVwkAACatfxOsji/WP8r/uGDqvPaFTrhbp59kPbKy5MXeYu2T+xWm2/M2lW/VNWZeLOGIE6pG2VrylTeXp2Wjztsz7XsYt9TRkRs9OWHoLAfNcemEp8YLGPWoIKoEAAAPohJA9n2QWtiHyNXDUPhS+mK9Fr6UUTq7uPdeGOPxba9iyMaFYmEfpCxOQJBVqC3sg6wNEalWu9uJdHK/46cXCyE8Y50uets7nc1MWzMvDk3pi/V612f3nS101ulaorf9MgnxGje2baPO2jMdexjAff3v3gUAAAAYUqXzZN839Lq7NYUIhLBeTSGSirPY24dhuNScPN0qaFwoxGUBjuUnkdHiZSX+hIi9vXAPySL7292/X5Bp8HN0v7dJKGpuI/d4SS6nWX4a8C7sb9f4CoTZuBcu2qjqnsEE0PYVbairBAAAD6ix4evZGqfOu3w+vUvWP07Gg7hwDoNpbxSASxBVAgCAh3V1bNk4dV73fHrHZDK5U3PdNVvYb2Kf5e19XtR21XxdOV/ZqoOvnvPonSt03vM+pe+VmfOKBtmo3HV7GMAY+vR9By7GYQYA6HabO0XXWoqz0fWeOq91Pr187rlsYXU6OvVR6yR4xSnwdF1Ni9euOfPSYstSW3X1XqystTjxYFbMlvI0b9SZe6Z1D1epjwfcXgDdmFkE49IYgRoA0Ok2d4qZ3o9iz3i/y/QdY7rBRs305wbmixawAAAA05LN17Hcvz1MSPmQGwVAoa4S4+JlIQCgG3WVGBw/N3Bj1FUCAABMW5zV81UwVg2ASaCuEuPiZSEAoBt1lRhc98/NwQAMjrpKAAAAAMDliCoBAAAAAJcjqgQAAE9HtYEEAAyCqBIAADwXFVJOPLAMNprhxe0faprh3bRAjSVoK+CJ8l+VuL/mEY7S373t07sYfNuBG2O0HoxLo0M8AKDTbe4UlbVo2hmPQJ6xeTlszbGKdplgY/xtD/YdS+AZhvi+w8STfX6O2cVpPClh7qirBAAAT6fxIT6fvsMwDFUTGHuGpjnhbp1+kkzlEWyyWqZyJVv2geF5heq84tQgp+oYs7TV6rtCJlOZUSTKipQXtqX8zXumMbFauNlsqpvb9nO0kC26P72x4X4M4J6IKgEAAETsGfu3SD3o+6swVEsX9kFKV7f8NAZI68hesyVv+2UW23jGWqgPore9s9PdSNXlee9Z3jJ623cHlgv7IKWMXL28ONgs8wKK9Xo38A64QOis0yJF+W5oLH/bnmlMvLAPkavvduk33OOnijlbfw4Ad0ZUCQAAIBb2x8pZqhqw9c7yuxuXLv8+0+oyJ0wXxt5euEmcs7C/s0gp9vZhmOatLZ1QhL9n1zUGP0f3O21uam5rQeddWH7aAnZhf7vHn7atatszJzJPv/Gyur6oAEZFVAkAACCEMLdZq0RfrLuqE4vVhvVKxUQeCy1eVrpbbvb4GHVs+n/LS75GlAg8HqJKAAAA4RnlboCrl8Ifxz/1UbDRtE0Q/x31t6SOLvbes8rKhf0m9lkm3mfWRtV8XTnXjnFqvq6cr6wuMPjKq0jvJ3Te09g79t6d1WtbrNy6Zy5T/jnO/z4dGoHhXdq1GOiFwwwA0O02d4qTaynXOOY996SU0rcqywv1k7pl6c0f6LruRr3yL8lXVk1c/MSyLCFEtQr0dnwr33a1uem2tpS/ec80J87SWn6eJN+ZtZ+j7jYH1SBmVFSgAzOLYFzMLAIA6HaXmUVuIPaM97vMvDF5N9gzM3r8mFFRgQ60gAUAABhMNtXGcv9GSFnEngEeGHWVGBdv4AAA3W5ZV4mnMovHD56U8BioqwQAAAAAXO5/9y4AAADA6KgLAq5Hnf8DGOliSF0lAAAAAOBy1FUCAAAA6Iua/5kataqZukoAAAAAwOWIKgEAAAAAlyOqBAAAAABcjqgSAAAAAHA5okoAAAAADy/YaJqmbYJ7l+MhEVUCAAAAAC5HVAkAAADg0aiqScXw4mCz3gkhxG6tVRleXP9KXq1Zyah12VMjqgQAAADwUGLPWO+E7kZSSinlwV6YW98SQgjLl0WRq4vQefdiIVTcaflSSpU0yyjJx7dU0nrm99vQqSCqBAAAAPCAQmfZVpcYe4amaZq2dMJkSfCzE0JYr2Yp2f/twzQfbb0TQoS/0cnMnxBRJQAAAICHsrAPWYVj6CwrY/TEnrF0QlXZmFdLtsuqJaWUcmt2Z/6ciCoBAAAAPBxzmzZxrYp+0wpKEf8dk/8t/9OFEMe/Ut3j4mUlhAidr2rg2J75c9KklPcuAx6ZpmlCCA4zAEAb7hR4ZvM6/mdUWlUbmfyhu9HBXlQWpp/pehiGKkX1c8uXW7P6Nd2NvsV7PfPpG/XnI6rEuGZ09QEA3AV3CjyzeR3/8yrtFVQcmQSVD2PUn+9/Y2QKAAAAALMSbNSAPEIIobvRQ4WUY6OuEuN6mndaAIALcafAM5vX8T+v0qKCukoAAAAAk6CCE6CIMWABAAAAAJejrhIAAABAX7SAnalRK5mJKoEGNO14VNwIR8WJM3ecIACAyxBVAs14uno8xDw3wIkzX5wgAICL0a8SAAAAAHA5okoAAAAAJ9CiAR1oAQsAAACgFfEkTqKuEkBZsNE0TdsE9y4HAAC4M03TCCnRB1El8OBiz9A0zfDiexcEAADMRiWelFI2jsdGzAmFqBJ4cAv7IKU82It7FwQAADTTpqexhPWFoimwDDYdr7ODjaZphjfIfuuWrKn9vXpnOa9K/ISIKoFpU+1RFcOLC81T8/9m1ZHBRtM2QeXPYovWPrnV1968OsNIMkpXkV66Kyu5+S4DUupYrRyOlROknCo7YouHcdeJVvziqVNDcHYAeCD1YDJjbjteZ5tb6Vsjlam2Jlc/kaD/a/ezEnvG03UlIqoEJizYaOud0N1ISikjd9Wdev++3rX/eW5up4SrDykjVxdit/55lVL6lhCh824Y+UqoI8UU6G6kjtXQec8DufQECTZLJxSWr47h0FluAiGCzXonsoVl6RdVMwB1Nqm8IyFE66nxFYjY4+wAUCWnp6OEleX1zcleuFVfnBXexN063oqyVeeFailn4V2gl1d0NiZWCzebTXWzYs/QNCfcre+1vXdCVAlMV/CzE0JYH+rZc2FvOx9Cw9WHlFJuzcY/z83tJP2/ZcN/07I4S6piMCmLl5UQIvyNkr/TE0So8+LVFEKYr5YQYvcTBIWFVYUzK33OWDphIUHnqSE4OwBMXiWAVKFRW0pRDi/VC7eoWkUYbJb7t+SVmi/Wldfeowqddbrq6G2/TEK8xnJ6xlr4aUpnp7uRev3XmHhhHyJX3+3Sb7jHT3VhX9gHKV3d8tNQfNt0M3k8RJXAo6g8wDY+z45v9XHIKndCZ/ksL+gwOxefIOkXY89YOqGqeOzZlmthc3YAmI2esWVjjWVV8HN0v9OX2ea2FnSOyvLTpiEL+9s9/rRdemNvL9wkAlzY3/3KaPnpN16ubAM2e0SVwHQlNSfJu6/Y26S1G8e/C6o5Ls/t3NWZW9n0ohK4o7bqx6x+sphm+Z8uTh340W9WQRn/HXuXg7MDwKw0tomdlQtfIhIlnouoEpgw1aFdNZjTls5RCPOfqydN6M5uPnJBbuev7viZdl5Q9ThP0uwDU5YdwNkr5SL10ny31rSk3/HWTF5Sq3Ol7cg3t6q/5FLT3vf9CpL3KuLsADAr18aW5uvK+crqCIOvUr+BkYXOezrebOy9O6vGzg1CCLGw38Q+653gfV7ZSjd9M5mODPf4ru7QC3SZ6WE2xzLjJH7WsU1uD6sqwWx4nMuzyLvHPLA7/nwzvVMAT+jU2VrvEJBeP4ufWJYlhNDdsUvrW0II3bKy1iHZ/aClnIWGJLqup6mbE2dpLT9Pkt9w8i9N6A4y6sVWk/Ou1MbUqSb4szvMNI1T4wHxs45tcns46/t49nCrasRk5ZLvz9Edf76Z3imAJ/Q8Z2vsGe/i+8Gu/qP+fBN7AsDDmenVZ3IPxxgCP+vY2MOzRlQJ4KTus7VjBkuICVzlRr3Y/m+MTAEAAAA8lbtHTbgjokqgGe/bgAtw4gAA8ISIKoFmvG97PAQ8N8CJM1+PeoI86nZhKFy1gEEwswgAAAAA4HLUVQIAgAdHfRTqqMcGBkRdJQAAAICzEZkjQ1SJZ6RpGtdB4FycOACAjLojVO4LsWeom4Xhxd1fDzZ9UpX0z/wGVGE2wZB5ekZhy7Kt1UrryRcX1x17huENWZTzEVUCAAAAOI9qWF5pXr6wD1LKyNVPft3cyh6pSvpnfgML+zBwSYKNs/qwF4Ulli8TWzNNs9y/qUW+WOdx5cL+WDnDhrjnIqoEAAAAcLYzeiwHm6zerVTTGGVVby3VdFdUwWXrNLy4+EdbedRaDS9O15+HaXlywyvVKP41VR2emXmS4HNnvZontujn6H7b6v/mP/f4k+dh/nOPn/esriSqBE6gyR9wGc4dAEDqNat3e9sv04gqdNb7t0hKKWWUL/be04VSRm/7iwNLcysjV9fd6GAvhLmVviUsXx7stvLYByl9K3SWSX2gL1TUFmy0tfCz8jhhvoqdkxQ1co+feax5Ruap4DesBZW7db0FbMnxL///4mUV7u/YNJioEregTczJUtXLX1kSbDra9Cc9BQbeiZNxsiNE5865KvFTuc25cJaTBauUX0zg3OFwBYBJWP59pjeLYlRm+YekzefC/lZ1b7G3D0NnmSReOqEIfy9u2rmwP1bOVxKsfh7df2nc1lIeIYTuRknkaW63plAVhFkT1IV9kPKQtVPNyr94WZ3c2KbMU/HfsVb0Qxqallu7tjH/08Pf6FSq0RBVAl2KT9LF5ea2cEWpUm/DHtbJjhCdO+eqxJ5x3y4D6KseTGZufO5wuOIpqOZ2m6D832IrvPSFSH2Rao1neHGw0bTNpv4VYADBZlmofsyvy/p/y1raxctKd2XJ9kTD0C5pQ9FSr8W28gxihMzNVyuplizHjauXATIfCFElxiUn6WTZiuWv/Kd1/LFCH4CneJZs6gjRsnMKXRm8vOaoMXEyolr+XJPuy9gzNM0JT7YFeTQ3OiX6OVmkYrHr23LPc4fDFc8n9oz1Tuhu8mx7sBdqUbLEt0TovOfH8/59vRNit6t8BRhE/HfU35IDKvbe8/q70HlP26fE3ruzejWFEObryhnwpcbC/hCfXqmisrU8jSrlCTbdV/XzMs9KWazrFEIIz8jvOLH3uVu9CCHMf674SxYGX8n+ygr2GzZF6Tcz7jMIMEknD/7ip40pVTP9wgLfym/EviWEqL5meyiuLkS2vZGrFwYpk7Wdk38cuXr+tebEaar8G+WsSis617yueBO8RJ914tT/VG5/7sz0cL29Ox5vox7tEzyVhqfq+C2/+N9iDYk6MhvqTPJ0li8bvvLYnuLYGNqpnVZvb1K8piYHl2U1/7940JWPVpVJa+Yn1a79DeWx/Gr+xW8Uy6OWZzlYfl602rnWK/NsFZWFhWzchoWV1JGrn7qBnvr5rvK/6q8DoEz2Gd8s+Dm639vkra65jdzj+7ilurtyRwjjKxBmY/OU2NsL92BmKfd9dozlJ21dFi8r8XciMSZrOucOhyue0MI+yJeNtt4JIUJnqf360X9CCJGMXJKJ/4RI2iHWv3JVw0M8I3Mr5bbpg4V9kHb+53bb/P9MOfmJzE9a2AdZX1IvT3v+9fKUcygV7dzMk1V8WNpPsC3cn5p2QvNCoaouP3oPyTsCWsACuMCFTSxq7TuAG+BwxXM4/lWbDJrbpAZDCJEe0mE6ckmz8lcA3I65LY0je5bY+zy6930LRFSJZ1RsBjAM83VVuE8HXz0b0c9XY0eIJgv7TeTjXHufu+vWmz40nerUgDEMf+KI25w7HK54dOY/V1fVi6qiUYhih+WlE+putDWTaRYKkxVUuq41fAVoomEcTmHw2/MsnTB0TqYa97AYqWUtMGvtp0Z7m/7iJ5b1wF0rVde3po4QLTun2L1AzzqeNSfu6KVQ/tIlPdbmdcWb4yW6s8D3OXfme7je3h2Pt1GP9jmeSrgNjo0LVK+FmKGRjg2N4wOo0zROjVHEnvEuvu81ruC8flb1TnFGBRZz28Mn3fdwvb07/nyjHu1zPJVwGxwbwIAe6gkAGErb09XojQdwvv4XsXnFPHN83OnYw5w7ypR/UKJKPBuODWBAjAELnIF7D3AZzh3cF+81AGBUjNYDAAAAALgcdZUAAODBUVuOOmqwgQFRVwkAAAAAuBxRJQAAAADgckSVwAm0kAEuwIkDAMDzIKoEuqgnY56Pbyb2DE3TNsG9y4HrPMmJM8bh6hmGF+d/BhtN07TSonS9Wm3dzctjzzC8IYs4PWqj710KAHhqRJVAFzXAA8M83MzCPkSufu9S4FpPcuIMf7gGG2f1YS+Sv2LPWAtf+lYlzXL/JqWUUvpincePbcsX9sfK4U0NAGBURJXACcUn46RqYrPR6jUCQbZQM7w4SWoYG5Us+TRNn9cpaNrcqhGyDTW8uPhH6bNC7YraVMOL040uPgbnqUtVNH9NdS5nZo77qoSU9zp35nW4ep8769XM/lzYB7k1y0lE8HN0v231f/Ofe/wJupcnf37O7DoDAJgXokrgDKWD5x8AABAYSURBVKpqYrcTvpRSysg9fuaPlq9qoZTybb/cRPYhcvUwFL6UvlivhS9llD7pee/7tyhJHL3t5xVYmlsZubruRgd7Icyt9C1h+fKgHmfLOyEQQgj7IKVvhc4yqUjxhdoJwUZbJztSRm97J8xXsXOS/dO1hzszx9Tc69yZ1eEa/IbFoLKf49/p5YuXVbgvt6J9ahrNZQFgaESVwNksP6k+WLys8qXLv8+0aiJ/4tTdJGnxWTH29mHoLJPESycU4e+8QqGF/bFyvlSZvc+j+y/duMadIIQQQnej5FHe3G5NoWpWsnqYhX2Q8pA1/LP85P+n93Bz5piou5w7szlc47/jqW25lPmfHv5GY+U+FO1S3V+vr0UQWALA0IgqgUEEm2WhCqW7q9XiZaW7smR2oVDawq7UDeycnXC2UTPHHd3g3Hmww7UcH65eTi1HriOYDDbVUZHKH86st0JS4vYK6s7tvSoxgOdEVAkMIf476m/J02rsvVfqJqrM15Uz9zv0wv4Qn16p5ueqnRBsuvtEnpc55uMm5848DtdSXWd7Uf654i8pSfDlrNKq3LblasFvqP+37FWKu5DX6c6ksqK2MpjbQgV0w4eVQZOmztzK7rcZndt7VWLPoH878JSuvJQDD6nt1MjqHCxfZs8YuhvJUnWEblmFm7mVDOGou5FKY/lSysr93vIb1zdtkatXCl7fCZZffRQrfsPVq8vP2sPdmdfN64o3x0t0R4Hvfu7M4nCtlLH6hbSeNs+7nEXbctW19OQumt3xluk+WeqfVv7Mfiz12zV8oH6+HvtwUlxdd/1sE/KNa9ne7HDTXdeqH8nFxMn5aFn57qlk3X6QT0r3kQPgLJp89JHfgQtoGqfGA5rXz6qa6s2owGJue3iKgo328zp4i/ieuc735+s+WXqeSrFnvIvvQo1csNE+/4vUgmCjrXe6m47zNA+eoTlhMlKViD1j+ftROAoq2+sZWvJx7BlLRyRfa04sklQrP/1GOavNy2Ee3TrmeJkFJosWsAAATIO5LY0jO4jY+zy683jGnxQ1VUsSKJnbeXbmzoaSEgv7uzTdTFns7UV6kCzs737b2jz4FoBn9b97FwAAACTsw2HgHBfDZzk11DW1uLAz7eJlJVomrAGANtRVAgAGc/HkELi7ex87E2O+ZhPSCCGCrzkOERY67+m4tbH3XhnCqWhhv4l8RlPvc3fdeo/JuFGnhrUC8EioqwTwRDR60YyJHYsZCjbaOo2ilpojhLB8uTWFufV/8mDbsqzQ0Qwxl66VwUZzQt2y9prmCCGE0N3oYCafNGyv/f1mLNOkul7IpiHx0jOWTiiEJny5FSrJzhBJV0z7Y6UlWak9CeApzLVrPjAqbbajVqBDpTZm4j8xATAwiO5TiUraG5jsdYzLLDAgWsACeCLFpwda/QG47cD7k1aYDWfgOVTu+QMDuBUqZIAGxbpK6i0fRuVnLX40wZ+Yl+jAIDiV0IZjAxgQdZVAF3XLeaQarWCjGc0TFwQbTdMMr+mjpnTtkx+0r+LaxNdrG5jkFmOhnOlm+wQAAOBKVMIADbQnrasMNsbftsdYFJ5hlCfEvpErJ9eeY6j2NMceMBaN+ii04NgABkRdJXBC8X7jGZqmGZ63SeuT8mo2z0j+jtX/0uHUk78KS4QQSYWfluemMmrLJE+uUqqPDWOj0iSfnhjAPc2zXDcY5wU8bwD4KPtinl/zKlo2tjGxWrjZbKqFij1D05xwt76stKnu3j7DdiUaxCUbCQAAcFtElcAZ7IN09dBxhK8e+aO3/TKJbuyDlL4VOsvl/k1KKX3xEwjP0PZvURIf+GKdti/1jHWSRfS2d3a6mw7I3pSJEEKIVz8NM972y01kHyJXD0PhS+mL9Vr4Ukbu8acz0FrYBylllA/IIIQINsusgL5Yr3tPUhY66/SLhZ3QtIrWjW1MvLAPkavvduk33OOnijkX9kFKV7ey/XDlcPWVVqaEcMCTmGObBQCYPqJK4GyWn0Y0C/u7HMvpbpTMZmZut0tvv/LzdqLm1l/tvViI2NsLN8liYX+Xw6pqJirZ8u8zraPLp+LW00ys1qmtTwh+ju53WkBzG9WK0s7Ktqy2E0pObWxL5uk3Xla9S9QX8STwtLSH6yoPABNBVAmcS/9vOWR2PQKnYo1itXLvTi7cCWNEiWchngSemTrlOfGvlHRVuKgbQhvPKPWcUB0nKmO55T02yutuXh57Ro/x5wAMhagSOFfovOc3qv/br1orChf2W9p+UwghRPBzfLMXQizsN7HPO2R+nmp2Gv8d9bekYjD23vPKyquZryvnK7sJB1/9sy7shNh7dzp3wlkbe8LxT2UVbK55pCGeBJ4W5/71VFeFIXMMNs7qI2vZE6uOE75VSZP0DZHSF+v8BtC2fGF/rJxhQ18AXS4bQAJ4bB2nhqvrlpXfTXVX1SFW7n7CSvsF6vWF5eW6rp/IpJy8uHZhJfdd3Y1UmnwVVdXMk7TFxZal8ureOWqFhWKkxW9bRb+NVYmztJafJ8lWUPhS+4a2E1zxgOejLhltnxavnOoCk19wpKxcvPIvpNemSsrsUly8oKkra/XCVbgE6m6UJNV1SyVLPk3Tt6y0Q5a97kbFPxpW3V7+akl1100v4ZGrW25WqvbtOpV5lqDhmu5bxd+i9FeU97JvW5782bm7uo8NAGfhXAIadNxmsnvqUKLBc5yw+24sTw/AEzoZOZQikUKMUrxe+VYSkhWvYZGrl2K8NCpV/1d5Rq5efM1YeEfmZ+tMYqosqW9lQan6ZtdKO7er9Eou28j6qtvLn5Yl25Y8qiz+v2u72jMvfNb0orA7qkx3QtvyNOeuew5RJTAgWsACZ/AMzQlDZ6lpV/fWyLqBLPdvd5j58baeamMBPIaF/bFyluratd5Z/sEWsbdXtwB1QXNCEf4Wm1g2jLXWNvxY/zHYTq20s/xJHwfv8+j+S7NsXHVz+YOfoyvz8ekOUuaX8GzMttPb1b5zhBAi/jv22JyLmP/p4W80Vu4AiogqgTPYh/SFjLo1TiOr6XuqjQXwKMxt9hJeTQ21eFlV6wkvm+TonDHYLl+p+U8N0F3qtTjq8G+jZl6OD1cvp5YDuCmiSqCZhodz72MKwEQl44DFnlGYtbcyKqlYvaghzioDk17ivDHYLl/pwv4Qn16povKqVZ8aJ+2yseX6DQ5u/nNFMlybCL7yMeLalqsFv+HAw7YDaHV9I1oAAIBpOv20k9ep6a6bjH8mi0P1CFEcYKZpefNYax3Dj507BltbYU6KaiPh1FedjQ7UuAJXry4/a7u6M89WUVxY/UJaVZvnXc6ibTmj9QC3pEmG2AYAAA9KtVPgaWfSgo3283pha+IrcuXYAAZEVAkAAB4WkcMseIYhvgcdzS32jHdx6OzMz7EBDIioEgAAPCwiB7Th2AAGxGg9AAAAAIDLEVUCAAAAAC5HVAkAAAAAuBxRJQAAeBZMXQsAYyCqBAAAT0GFlASWADA4okoAAPAU1Gifcx7zM9hommZ49y1E7Bmapm2CIfP0DMOL8z+DjaZpWmlRul6ttu7m5bFn3HtHAU+FqBIAADyLOYeUQghzK33r3oVY2IfI1YfMMdg4q49sssrYM9bCr25osFnu36SUUkpfrPP4sW35wv5YOcOGvgA6EFUCAIAn5Rmaphmet0kqu4rVY0G2sFRpllWMaYZRrA2rL0+WpJFNkl/6lTx9mkItMbw4rnwzr4zrW0OYld3w4uIfbdvVuupicsMr1Sj+NVURnpl5kuBzZ72a2Z8L+yC3ZjmJCH6O7ret/m/+c48/Qffy5M9PqiuBGyGqBAAAT8o+SFcPHUf4qrYretsvs5jnNVkoZbY09oz9W5TUjK3CMM2ncbn97eqWnwVI5lb6lq5CIM/QsvTSF2vDU4WRvhU6y6TyzRc/gUgq46Is6XrXY7vMrYxcXXejg71IKjgtXx7stu1qWbUINtq6sG+cMF/FzklKFbnHzzzWPCPzVPAbFoPKfo5/p5cvXlbhvtyKFsBYiCoBAMBTs/w08lvY31l11/LvM612y6Kphf2xcpZq4Xpn+Umc1rJ8Yb8dfwJVWWd4QgQ/xzd7IUTs7Vf+IWvxaW79VR786G6UhH/mdmumlXGLNGnvtqcL+2PlfCW1oJ9H918atzVtV/OqRfBzdGW+bw5S5qW20i1YvKzyLM7IPBX/Hftt0fnM//TwNxordwBFRJUAAOCZ6f8t6wuLNYSyEMqZ27QuLqtj7Fj+sjr+xcGvcP3V3gv+jquX8TcnkzYILfVabNuuQYyaeTk+zPdk23IAN0VUCQAAnlnovOe97/5vv3o1hYj/jvpbEonF3nta71YZqjSLYdqWm6+r36+f49v/M19X+0+VtarDLDQazeowG5mvWZWjECL4qlQBdlnYH+LTK1VUtmxXx7orPU27Onael3lWymJdZ3tR/rniLylJ8OWs0iazbcvVgt+w8ZUBgBFIAACAB3XyacfVdcvKa9V0N6lrK1S1JQksX5ar3yw/z6R5uYxcPcnSt/K8qxV5lq8SiOZcip9YliWE0N2emx+5erE4LdvVvurypqnlWQ6Wn5dNbdu5mWerKC6sfiHd2DzvchZty1XX0o6do77Uaz8COEWT8x5iGwAAoJWmaaJzQhHPMMT3obWqEDcQbLSf1/q4r2PnevLYANAfUSUAAHhY3ZGDZ6SDyuhuOkQq7mD42D72jHdx6PxNiSqBARFVAgCAh0XkgDYcG8CAGK0HAAAAAHA5okoAAAAAwOWIKgEAAAAAlyOqBAAAz0J1pQMADIuoEgAAPAUVUhJYAsDgiCoBAMBTUKN9Vsb8jD1D0zRN0wwvHnyNo2Z+jWAzQJEGyQTAYyCqBAAAz6I+jcTCPkgpI1cfY3WjZn6SZ2yClo/Mrbx+dsj+mXSUBMBjIKoEAACoyeoZNU0zPCFEsNHyisfCH42J7yz2DE1zwt06LVQW1dWrT9WSzWZTTZskTRJmfzVm0ppPe0kAPBKiSgAAgCrvff8WSSV622uGZ25l5Oq6Gx3shTC30reE5cuD3Zj4zqVf2AcpXd3yk0LJrVn8pFR9urAPkavvdkIljtzjp4oVF/bBt3T3W9VHLuyDq1v+wW7MpDWf9pIAeCRElQAAAGWxtw9DZ5lUry2dUIS/gRAL+2PlfKnKNu/z6P4zOxLPi+Un4d7iZZUvNbdv+2R7RbDZv/07GRI25wPg0RFVAgAAlC1eVrorS1SwZP5zjz+BEMHGWX0knQpbEz8C+0OoqkvvU3xc3RUTwKMiqgQAAKgwX1dO4wCnC/tDfHp5RWVn4ns7/qlCBZvL+zOq6sp+FZXjlgTAlEkAAIAHdeppx7eqT0Z5D8Byt8F8eeTqhb86Endlfgv5+rP1NhTJTYtu+fnnuhuV8ymWvHm7oo58GkpyfzwJAwPSZG2IbQAAgMegaZpomlAEZwg2xt+/62cimRqODWBARJUAAOBhqcgBaMOTMDAI+lUCAAAAAC5HXSUAAAAA4HL/H9es1+9RW3sLAAAAAElFTkSuQmCC\" style=\"width: 698.5442708333333px; height: 313px;\"><br></div><div><br></div>'),(3,'2014-01-26 12:33:30','Wamendikbud Beber Sumber Dana Kurikulum 2014','<p style=\"font-style: normal; font-variant: normal; font-weight: normal; font-size: 14px; line-height: 23px; font-family: Arial, Helvetica, sans-serif; color: rgb(0, 0, 0); letter-spacing: normal; orphans: auto; text-align: start; text-indent: 0px; text-transform: none; white-space: normal; widows: auto; word-spacing: 0px; -webkit-text-stroke-width: 0px;\"><strong>Jakarta</strong><span class=\"Apple-converted-space\">&nbsp;</span>: Pembiayaan kurikulum baru mulai tahun ajaran 2014 akan didanai melalui 3 sumber. Yakni Daftar Isian Pelaksanaan Anggaran (DIPA) pusat, bantuan operasional sekolah, dan dana alokasi khusus (DAK).</p><p style=\"font-style: normal; font-variant: normal; font-weight: normal; font-size: 14px; line-height: 23px; font-family: Arial, Helvetica, sans-serif; color: rgb(0, 0, 0); letter-spacing: normal; orphans: auto; text-align: start; text-indent: 0px; text-transform: none; white-space: normal; widows: auto; word-spacing: 0px; -webkit-text-stroke-width: 0px;\">\"Pos-pos anggaran itu akan difokuskan untuk penggandaan buku dan pelatihan guru,\" kata Wakil Menteri Pendidikan dan Kebudayaan Musliar Kasim di Jakarta, Senin (13/11/2013).</p><p style=\"font-style: normal; font-variant: normal; font-weight: normal; font-size: 14px; line-height: 23px; font-family: Arial, Helvetica, sans-serif; color: rgb(0, 0, 0); letter-spacing: normal; orphans: auto; text-align: start; text-indent: 0px; text-transform: none; white-space: normal; widows: auto; word-spacing: 0px; -webkit-text-stroke-width: 0px;\">Musliar mengatakan, kementerian akan mengeluarkan surat edaran terkait pembiayaan Kurikulum 2013. Ke depan, pelaksanaan pembiayaan Kurikulum 2013 tak hanya dari DIPA pusat seperti saat ini.</p><p style=\"font-style: normal; font-variant: normal; font-weight: normal; font-size: 14px; line-height: 23px; font-family: Arial, Helvetica, sans-serif; color: rgb(0, 0, 0); letter-spacing: normal; orphans: auto; text-align: start; text-indent: 0px; text-transform: none; white-space: normal; widows: auto; word-spacing: 0px; -webkit-text-stroke-width: 0px;\">\"Semester 1 tahun depan bulan Juli digunakan dana BOS, sedangkan dana DAK digunakan untuk semester 2 mulai Januari,\" jelas dia.</p><p style=\"font-style: normal; font-variant: normal; font-weight: normal; font-size: 14px; line-height: 23px; font-family: Arial, Helvetica, sans-serif; color: rgb(0, 0, 0); letter-spacing: normal; orphans: auto; text-align: start; text-indent: 0px; text-transform: none; white-space: normal; widows: auto; word-spacing: 0px; -webkit-text-stroke-width: 0px;\">Untuk penggandaan buku, kata Musliar, akan menggunakan dana bantuan operasional sekolah (BOS) dan sebagian dari DAK. \"Kalau BOS kurang akan ditransfer dari pusat dari DIPA untuk tambahan BOS Buku\".</p><p style=\"font-style: normal; font-variant: normal; font-weight: normal; font-size: 14px; line-height: 23px; font-family: Arial, Helvetica, sans-serif; color: rgb(0, 0, 0); letter-spacing: normal; orphans: auto; text-align: start; text-indent: 0px; text-transform: none; white-space: normal; widows: auto; word-spacing: 0px; -webkit-text-stroke-width: 0px;\">Musliar menyebutkan dana BOS SD dan SMP sebanyak Rp 580 ribu dan Rp 710 ribu, jika digunakan membeli buku mencapai Rp 70 ribu. Sedangkan BOS SMA cukup besar yaitu Rp 1 juta.</p><p style=\"font-style: normal; font-variant: normal; font-weight: normal; font-size: 14px; line-height: 23px; font-family: Arial, Helvetica, sans-serif; color: rgb(0, 0, 0); letter-spacing: normal; orphans: auto; text-align: start; text-indent: 0px; text-transform: none; white-space: normal; widows: auto; word-spacing: 0px; -webkit-text-stroke-width: 0px;\">\"Kami transfer lebih kurang Rp 800 miliar untuk beli buku khusus buku SD dan SMP, yang bosnya kecil. Tetapi kalau SMA kan BOS-nya besar,\" tuturnya.</p><p style=\"font-style: normal; font-variant: normal; font-weight: normal; font-size: 14px; line-height: 23px; font-family: Arial, Helvetica, sans-serif; color: rgb(0, 0, 0); letter-spacing: normal; orphans: auto; text-align: start; text-indent: 0px; text-transform: none; white-space: normal; widows: auto; word-spacing: 0px; -webkit-text-stroke-width: 0px;\">Sementara, lanjut Musliar, untuk pelatihan guru, sebagian besar akan menggunakan dana dari DIPA pusat. Namun daerah juga diharapkan berpartisipasi.</p><p style=\"font-style: normal; font-variant: normal; font-weight: normal; font-size: 14px; line-height: 23px; font-family: Arial, Helvetica, sans-serif; color: rgb(0, 0, 0); letter-spacing: normal; orphans: auto; text-align: start; text-indent: 0px; text-transform: none; white-space: normal; widows: auto; word-spacing: 0px; -webkit-text-stroke-width: 0px;\">Dia mencontohkan, di Provinsi Jawa Timur biaya pelatihan guru 50 persen ditanggung pemerintah pusat, 30 persen pemerintah provinsi, dan 20 persen ditanggung pemerintah kabupaten atau kota.</p><p style=\"font-style: normal; font-variant: normal; font-weight: normal; font-size: 14px; line-height: 23px; font-family: Arial, Helvetica, sans-serif; color: rgb(0, 0, 0); letter-spacing: normal; orphans: auto; text-align: start; text-indent: 0px; text-transform: none; white-space: normal; widows: auto; word-spacing: 0px; -webkit-text-stroke-width: 0px;\">\"Banyak daerah-daerah di tahun ini saja melaksanakan sendiri tanpa diminta, tapi dalam edaran ini betul-betul kami minta dan kami arahkan bahwa buku diadakan melalui tiga sumber tadi,\" ucapnya.</p><p style=\"font-style: normal; font-variant: normal; font-weight: normal; font-size: 14px; line-height: 23px; font-family: Arial, Helvetica, sans-serif; color: rgb(0, 0, 0); letter-spacing: normal; orphans: auto; text-align: start; text-indent: 0px; text-transform: none; white-space: normal; widows: auto; word-spacing: 0px; -webkit-text-stroke-width: 0px;\">Ia menambahkan, saat ini sebagian kabupaten kota telah menerapkan kurikulum 2013 secara mandiri dari segi biaya pelatihan guru maupun pengadaan buku. \"Semuanya hampir 800 sekolah menerapkan mandiri,\" tukas Musliar. (Ant/Ali)</p>'),(4,'2014-01-26 12:35:10','Gerakan 1.000 Alat Tulis untuk Anak-anak di Pedalaman NTT','<p style=\"font-style: normal; font-variant: normal; font-weight: normal; font-size: 14px; line-height: 23px; font-family: Arial, Helvetica, sans-serif; color: rgb(0, 0, 0); letter-spacing: normal; orphans: auto; text-align: start; text-indent: 0px; text-transform: none; white-space: normal; widows: auto; word-spacing: 0px; -webkit-text-stroke-width: 0px;\"><strong>Ruteng:</strong><span class=\"Apple-converted-space\">&nbsp;</span>Pendidikan adalah tolak ukur kemajuan suatu bangsa. Semakin berkualitas pendidikan yang diberikan kepada penduduknya maka semakin maju pula negara tersebut.</p><p style=\"font-style: normal; font-variant: normal; font-weight: normal; font-size: 14px; line-height: 23px; font-family: Arial, Helvetica, sans-serif; color: rgb(0, 0, 0); letter-spacing: normal; orphans: auto; text-align: start; text-indent: 0px; text-transform: none; white-space: normal; widows: auto; word-spacing: 0px; -webkit-text-stroke-width: 0px;\">Pemerataan pendidikan di Indonesia belum sepenuhnya tercapai. Banyak fasilitas pendidikan masih terpusat di kota-kota besar, sedangkan untuk daerah pelosok masih termarginalkan. Hal ini sangatlah disayangkan, karena seharusnya fasilitas pendidikan di desa sama dengan yang ada dikota-kota besar.</p><p style=\"font-style: normal; font-variant: normal; font-weight: normal; font-size: 14px; line-height: 23px; font-family: Arial, Helvetica, sans-serif; color: rgb(0, 0, 0); letter-spacing: normal; orphans: auto; text-align: start; text-indent: 0px; text-transform: none; white-space: normal; widows: auto; word-spacing: 0px; -webkit-text-stroke-width: 0px;\">Akibat dari fasilitas pendidikan yang belum merata tersebut, menjadikan ketimpangan kualitas sumber daya manusia antara di daerah dan di kota. Inilah yang menjadikan Indonesia tertinggal dari negara lainnya. Hal ini tidak bisa diabaikan, karena pemerataan pendidikan memegang peran penting untuk meningkatkan perekonomian Indonesia ke depan.</p><p style=\"font-style: normal; font-variant: normal; font-weight: normal; font-size: 14px; line-height: 23px; font-family: Arial, Helvetica, sans-serif; color: rgb(0, 0, 0); letter-spacing: normal; orphans: auto; text-align: start; text-indent: 0px; text-transform: none; white-space: normal; widows: auto; word-spacing: 0px; -webkit-text-stroke-width: 0px;\">Pemerintah, swasta, NGO, dan berbagai element wajib bersama-sama berperan dalam memajukan pendidikan di Indonesia. Wujud nyata itu harus di jalankan dalam bentuk tindakan bukan hanya sekedar ucapan atau janji-janji belaka.</p><p style=\"font-style: normal; font-variant: normal; font-weight: normal; font-size: 14px; line-height: 23px; font-family: Arial, Helvetica, sans-serif; color: rgb(0, 0, 0); letter-spacing: normal; orphans: auto; text-align: start; text-indent: 0px; text-transform: none; white-space: normal; widows: auto; word-spacing: 0px; -webkit-text-stroke-width: 0px;\">Dalam mewujukan aksi nyata ini lahirlah program adik asuh. Program adik asuh ini sudah di jalankan di beberapa kota, di antaranya di Cililin Jawa Barat, Nusa Tenggara Timur (NTT).</p><p style=\"font-style: normal; font-variant: normal; font-weight: normal; font-size: 14px; line-height: 23px; font-family: Arial, Helvetica, sans-serif; color: rgb(0, 0, 0); letter-spacing: normal; orphans: auto; text-align: start; text-indent: 0px; text-transform: none; white-space: normal; widows: auto; word-spacing: 0px; -webkit-text-stroke-width: 0px;\">Agar gerakan kami meluas dan bisa dirasakan oleh anak-anak di Indonesia, Ayo Berbuat Baik! Bersama para Sahabat dari Sedekahpendidikan.org dan SM3T Ã¢â‚¬â€œ Angkatan II (Sarjana Mendidik di Daerah Terdepan, Tertinggal &amp; Terluar) Menyalurkan bantuan berupa paket alat sekolah untuk anak-anak di pedalaman Nusa Tenggara Timur. Bantuan ini bertujuan untuk memberikan semangat kepada anak-anak agar semakin giat dalam belajar.</p><p style=\"font-style: normal; font-variant: normal; font-weight: normal; font-size: 14px; line-height: 23px; font-family: Arial, Helvetica, sans-serif; color: rgb(0, 0, 0); letter-spacing: normal; orphans: auto; text-align: start; text-indent: 0px; text-transform: none; white-space: normal; widows: auto; word-spacing: 0px; -webkit-text-stroke-width: 0px;\">Alat alat sekolah, alat tulis, sepatu, tas serta seragam, bagi masyarakat kota, mungkin bukan sesuatu yang berarti. Akan tetapi bagi siswa di pelosok NTT ini sangat dinantikan. Karena sehari-hari mereka pergi ke sekolah dengan seragam yang lusuh, kantong kresek, dan tanpa alas kaki. Bantuan yang akan diberikan berupa perlengkapan sekolah yang terdiri dari sepatu, tas, seragam sekolah, dan alat tulis sebanyak 58 paket, yang akan langsung didistribusikan untuk siswa SDI Lokom di Kampung Lokom, Desa Terong, Kecamatan Satarmese Barat, Manggarai, Nusa Tenggara Timur.</p>'),(5,'2014-01-26 12:40:50','Tak dapat tunjangan kinerja, dosen Kemendikbud buat petisi','<p style=\"font-family: arial; background-image: none; background-attachment: scroll; background-color: transparent; border: 0px none; font-size: 15px; margin: 0px 0px 10px; outline: none 0px; padding: 0px 0px 10px; white-space: normal; width: 630px; text-align: left; color: rgb(0, 0, 0); font-style: normal; font-variant: normal; font-weight: normal; letter-spacing: normal; line-height: 25px; orphans: auto; text-indent: 0px; text-transform: none; widows: auto; word-spacing: 0px; -webkit-text-stroke-width: 0px; background-position: 0px 0px; background-repeat: repeat repeat;\">Dosen-dosen yang tergabung dalam Grup Dosen Indonesia merasa prihatin dengan diskriminasi terhadap aturan dalam Perpres 88 tahun 2013 yang mengecualikan dosen sebagai penerima tunjangan kinerja di Kementerian Pendidikan dan Kebudayaan (Kemendikbud). Padahal, dosen-dosen yang tidak berada di bawah instansi Kemdikbud tetap mendapatkan tunjangan kinerja.<br style=\"font-family: arial;\"><br style=\"font-family: arial;\">Abdul Hamid, dosen Fisip Universitas Sultan Ageng Tirtayasa dalam siaran pers<strong style=\"font-family: arial; background-image: none; background-attachment: scroll; background-color: transparent; border: 0px none; font-size: 15px; margin: 0px; outline: none 0px; padding: 0px; white-space: normal; background-position: 0px 0px; background-repeat: repeat repeat;\"></strong>, Senin (6/1) mengatakan pada tanggal 11 Desember 2013 telah disahkan Peraturan Presiden Republik Indonesia Nomor 88 Tahun 2013 (selanjutnya disebut Perpres 88/2013) mengenai Tunjangan Kinerja Pegawai di Lingkungan Kementerian Pendidikan dan Kebudayaan. Selanjutnya, dalam Pasal 3.1.f. Perpres ini menyatakan bahwa dosen dikecualikan sebagai penerima Tunjangan Kinerja di lingkungan Kementerian Pendidikan dan Kebudayaan.<span class=\"Apple-converted-space\">&nbsp;</span><br style=\"font-family: arial;\"><br style=\"font-family: arial;\">Lahirnya Perpres 88/2013 menunjukkan ketidakadilan pemerintah terhadap profesi dosen di bawah naungan Kementerian Pendidikan dan Kebudayaan. Padahal di saat yang sama dosen-dosen di Indonesia dituntut untuk memacu produktivitas dalam pelaksanaan Tri Dharma Perguruan Tinggi agar dunia pendidikan tinggi Indonesia bisa berkompetisi secara global.<span class=\"Apple-converted-space\">&nbsp;</span><br style=\"font-family: arial;\"><br style=\"font-family: arial;\">\"Kami tentu saja paham, bahwa sebagian dosen (menurut data Asosiasi Dosen Indonesia 47%) sudah mendapatkan tunjangan sertifikasi dosen (serdos) dan dosen yang sudah bersertifikasi tidak akan mendapatkan kedua tunjangan sekaligus, tapi dibayarkan selisihnya. Jika serdos menjadi alasan, mengapa dosen-dosen di instansi lain bisa mendapatkannya? Belum lagi proses mendapatkan serdos tidak otomatis menempel kepada dosen yang memenuhi syarat undang-undang, tapi melalui proses yang panjang dan setiap tahun bertambah sulit,\" jelas Hamid.<br style=\"font-family: arial;\"><br style=\"font-family: arial;\">Tunjangan kinerja dosen ini dinilai berbeda dengan tunjangan kinerja yang otomatis menempel kepada status PNS. Apalagi bagi dosen yang melaksanakan tugas belajar, tunjangan serdosnya juga tidak dibayarkan.<span class=\"Apple-converted-space\">&nbsp;</span><br style=\"font-family: arial;\"><br style=\"font-family: arial;\">\"Sungguh hal ini tidak sejalan dengan semangat mendorong dosen untuk studi dan juga upaya kita semua meningkatkan kualitas dunia pendidikan tinggi Indonesia.\"<br style=\"font-family: arial;\"><br style=\"font-family: arial;\">Karena itulah dosen-dosen menggulirkan sebuah petisi secara online disini: https://www.change.org/id/petisi/presiden-ri-petisi-mendesak-revisi-perpres-88-tahun-2013-dan-perpres-65-tahun-2007. Sampai kini sudah 1.579 orang yang menandatangani petisi ini dan akan terus bergulir.<br style=\"font-family: arial;\"><br style=\"font-family: arial;\">\"Selain itu petisi juga mendesak revisi perpres 65 tahun 2007 tentang tunjangan fungsional dosen yang sudah enam tahun tak dinaikkan,\" kata Ph.D Student Graduate School of Global Studies Doshisha University, Kyoto, Jepang ini.</p><div id=\"mdk-body-newsinit\" style=\"font-family: arial; background-image: none; background-attachment: scroll; background-color: transparent; border: 0px none; font-size: 15px; margin: 0px; outline: none 0px; padding: 0px; white-space: normal; color: rgb(0, 0, 0); font-weight: bold; width: 630px; font-style: normal; font-variant: normal; letter-spacing: normal; line-height: 25px; orphans: auto; text-align: left; text-indent: 0px; text-transform: none; widows: auto; word-spacing: 0px; -webkit-text-stroke-width: 0px; background-position: 0px 0px; background-repeat: repeat repeat;\">[bal]</div>'),(6,'2014-01-26 12:43:58','Hindari Tunjangan Profesi Ganda, Dosen Dilarang Merangkap Jadi Guru','<blockquote><h5 class=\"rtejustify\" style=\" line-height: 24px; margin: 0px 0px 15px; font-size: 16px; color: rgb(75, 75, 75); font-family: Lucida, helvetica, sans-serif; font-style: normal; font-variant: normal; font-weight: normal; letter-spacing: normal; orphans: auto; text-align: start; text-indent: 0px; text-transform: none; white-space: normal; widows: auto; word-spacing: 0px; -webkit-text-stroke-width: 0px; background-color: rgb(255, 255, 255);\"><font style=\"font-size: 14px;\"><strong>JAKARTA, </strong>Kementerian Pendidikan dan Kebudayaan (Kemdikbud) sepanjang tahun 2013 telah memberikan sanksi kepada 400 Perguruan Tinggi Swasta (PTS) yang telah mempekerjakan tenaga dosen dari kalangan guru. Pasalnya, dosen tidak boleh memiliki Nomor Induk Dosen Nasional (NIDN) dan Nomor Registrasi Guru (NRG) sekaligus.</font></h5><h5 class=\"rtejustify\" style=\" line-height: 24px; margin: 5px 0px 15px; font-size: 16px; color: rgb(75, 75, 75); font-family: Lucida, helvetica, sans-serif; font-style: normal; font-variant: normal; font-weight: normal; letter-spacing: normal; orphans: auto; text-align: start; text-indent: 0px; text-transform: none; white-space: normal; widows: auto; word-spacing: 0px; -webkit-text-stroke-width: 0px; background-color: rgb(255, 255, 255);\"><font style=\"font-size: 14px;\">\"Karena rangkap NIDN dan NRG tersebut menyebabkan mereka bisa mendapatkan dua tunjangan profesi. Itu tidak diperbolehkan karena merugikan keuangan negara dan memperkaya orang lain,Ã¢â‚¬Â kata Direktur Pendidik dan Tenaga Kependidikan Dirjen Pendidikan Tinggi Kemdikbud Supriadi Rustad di Jakarta seperti dikutip situs<span class=\"Apple-converted-space\">&nbsp;</span><em>Sekretariat Kabinet</em>.</font></h5><h5 class=\"rtejustify\" style=\" line-height: 24px; margin: 5px 0px 15px; font-size: 16px; color: rgb(75, 75, 75); font-family: Lucida, helvetica, sans-serif; font-style: normal; font-variant: normal; font-weight: normal; letter-spacing: normal; orphans: auto; text-align: start; text-indent: 0px; text-transform: none; white-space: normal; widows: auto; word-spacing: 0px; -webkit-text-stroke-width: 0px; background-color: rgb(255, 255, 255);\"><font style=\"font-size: 14px;\">Supriadi menjelaskan, sanksi yang dijatuhkan diberikan kepada PTS bersangkutan, bukan kepada dosen atau guru karena otoritas pemberian data dosen kepada Kemdikbud ada di perguruan tinggi. Karena itu, perguruan tinggi diharapkan bisa menyeleksi dengan baik data-data dosen yang akan diajukan ke Kemdikbud untuk menerima tunjangan profesi.</font></h5><h5 class=\"rtejustify\" style=\" line-height: 24px; margin: 5px 0px 15px; font-size: 16px; color: rgb(75, 75, 75); font-family: Lucida, helvetica, sans-serif; font-style: normal; font-variant: normal; font-weight: normal; letter-spacing: normal; orphans: auto; text-align: start; text-indent: 0px; text-transform: none; white-space: normal; widows: auto; word-spacing: 0px; -webkit-text-stroke-width: 0px; background-color: rgb(255, 255, 255);\"><font style=\"font-size: 14px;\">Ia menegaskan, PTS yang telah mendapatkan sanksi tidak boleh mengajukan data dosen untuk menerima tunjangan profesi.</font></h5><h5 class=\"rtejustify\" style=\" line-height: 24px; margin: 5px 0px 15px; font-size: 16px; color: rgb(75, 75, 75); font-family: Lucida, helvetica, sans-serif; font-style: normal; font-variant: normal; font-weight: normal; letter-spacing: normal; orphans: auto; text-align: start; text-indent: 0px; text-transform: none; white-space: normal; widows: auto; word-spacing: 0px; -webkit-text-stroke-width: 0px; background-color: rgb(255, 255, 255);\"><font style=\"font-size: 14px;\">Saat ini, lanjut Supriadi, dari sekitar 400 PTS yang mendapat sanksi Ã¢â‚¬Å“Dalam PembinaanÃ¢â‚¬Â dari Kemdikbud, sebanyak 135 PTS sudah memperbaiki datanya. &nbsp;Ã¢â‚¬Å“Tidak sulit hapus label itu (dalam pembinaan). Cukup bersihkan data,Ã¢â‚¬Â kata Supriadi.</font></h5><h5 class=\"rtejustify\" style=\" line-height: 24px; margin: 5px 0px 15px; font-size: 16px; color: rgb(75, 75, 75); font-family: Lucida, helvetica, sans-serif; font-style: normal; font-variant: normal; font-weight: normal; letter-spacing: normal; orphans: auto; text-align: start; text-indent: 0px; text-transform: none; white-space: normal; widows: auto; word-spacing: 0px; -webkit-text-stroke-width: 0px; background-color: rgb(255, 255, 255);\"><font style=\"font-size: 14px;\">Mengenai tunjangan sertifikasi guru yang sudah diterima dosen, menurut Supriadi, harus dikembalikan ke kas negara. Kemudian, dosen yang memiliki NIDN dan NRG sekaligus harus memilih salah satu, menjadi dosen atau guru.</font></h5><h5 class=\"rtejustify\" style=\" line-height: 24px; margin: 5px 0px 15px; font-size: 16px; color: rgb(75, 75, 75); font-family: Lucida, helvetica, sans-serif; font-style: normal; font-variant: normal; font-weight: normal; letter-spacing: normal; orphans: auto; text-align: start; text-indent: 0px; text-transform: none; white-space: normal; widows: auto; word-spacing: 0px; -webkit-text-stroke-width: 0px; background-color: rgb(255, 255, 255);\"><font style=\"font-size: 14px;\">Ã¢â‚¬Å“Jika memilih untuk menerima tunjangan sertifikasi dosen, maka dosen yang bersangkutan harus mengganti NIDN-nya. Perguruan tinggi tempatnya mengajar pun diperbolehkan mengajukan namanya lagi ke Kemdikbud untuk menerima tunjangan sertifikasi dosen,Ã¢â‚¬Â papar Supriadi.</font></h5><h5 class=\"rtejustify\" style=\" line-height: 24px; margin: 5px 0px 15px; font-size: 16px; color: rgb(75, 75, 75); font-family: Lucida, helvetica, sans-serif; font-style: normal; font-variant: normal; font-weight: normal; letter-spacing: normal; orphans: auto; text-align: start; text-indent: 0px; text-transform: none; white-space: normal; widows: auto; word-spacing: 0px; -webkit-text-stroke-width: 0px; background-color: rgb(255, 255, 255);\"><font style=\"font-size: 14px;\"><strong>Stok 600 Dosen Lulusan S2</strong></font></h5><h5 class=\"rtejustify\" style=\" line-height: 24px; margin: 5px 0px 15px; font-size: 16px; color: rgb(75, 75, 75); font-family: Lucida, helvetica, sans-serif; font-style: normal; font-variant: normal; font-weight: normal; letter-spacing: normal; orphans: auto; text-align: start; text-indent: 0px; text-transform: none; white-space: normal; widows: auto; word-spacing: 0px; -webkit-text-stroke-width: 0px; background-color: rgb(255, 255, 255);\"><font style=\"font-size: 14px;\">Pada kesempatan itu, Direktur Pendidik dan Tenaga Kependidikan Dirjen Pendidikan Tinggi Kemdikbud Supriadi Rustad menyampaikan, bahwa saat ini Kemdikbud memiliki stok sebanyak 600 dosen lulusan S2 yang siap mengajar di perguruan tinggi negeri maupun swasta. Karena itu, bagi PTS yang kekurangan tenaga pengajar, bisa mengajukan permintaan dosen ke Kemdikbud.</font></h5><h5 class=\"rtejustify\" style=\" line-height: 24px; margin: 5px 0px 15px; font-size: 16px; color: rgb(75, 75, 75); font-family: Lucida, helvetica, sans-serif; font-style: normal; font-variant: normal; font-weight: normal; letter-spacing: normal; orphans: auto; text-align: start; text-indent: 0px; text-transform: none; white-space: normal; widows: auto; word-spacing: 0px; -webkit-text-stroke-width: 0px; background-color: rgb(255, 255, 255);\"><font style=\"font-size: 14px;\">Stok dosen yang dimiliki Kemdikbud, kata Supriadi, merupakan dosen-dosen yang baru merampungkan pendidikan S2 melalui program Beasiswa Unggulan. Stok dosen tersebut akan bertambah lantaran tahun ini sekitar 2.300 dosen akan lulus S2 dari program Beasiswa Unggulan. Ã¢â‚¬Å“Silakan minta dosen ke kita. Tapi rawatlah, gajilah, angkatlah. Tidak perlu disekolahkan, sudah kita sekolahkan,Ã¢â‚¬Â ujar Supriadi.</font></h5><h5 class=\"rtejustify\" style=\" line-height: 24px; margin: 5px 0px 15px; font-size: 16px; color: rgb(75, 75, 75); font-family: Lucida, helvetica, sans-serif; font-style: normal; font-variant: normal; font-weight: normal; letter-spacing: normal; orphans: auto; text-align: start; text-indent: 0px; text-transform: none; white-space: normal; widows: auto; word-spacing: 0px; -webkit-text-stroke-width: 0px; background-color: rgb(255, 255, 255);\"><font style=\"font-size: 14px;\">Ia menjelaskan, dosen-dosen dari program Beasiswa Unggulan tersebut merampungkan pendidikan S2-nya di 15 perguruan tinggi terbaik. Mereka disekolahkan sejak tahun 2011. Ã¢â‚¬Å“Mereka adalah lulusan<span class=\"Apple-converted-space\">&nbsp;</span><em>the best of the best</em>,Ã¢â‚¬Â katanya.</font></h5><h5 class=\"rtejustify\" style=\" line-height: 24px; margin: 5px 0px 15px; font-size: 16px; color: rgb(75, 75, 75); font-family: Lucida, helvetica, sans-serif; font-style: normal; font-variant: normal; font-weight: normal; letter-spacing: normal; orphans: auto; text-align: start; text-indent: 0px; text-transform: none; white-space: normal; widows: auto; word-spacing: 0px; -webkit-text-stroke-width: 0px; background-color: rgb(255, 255, 255);\"><font style=\"font-size: 14px;\">Namun, Supriadi mengaku, baru sedikit PTS yang mengajukan permintaan dosen ke Kemdikbud. Beberapa di antaranya Universitas Swadaya Gunung Jati (Unswagati) di Cirebon yang menerima 12 dosen, Universitas Indo Global Mandiri di Palembang yang menerima 12 dosen, dan Universitas Mercubuana di Jakarta yang menerima 6 dosen.</font></h5><h5 class=\"rtejustify\" style=\" line-height: 24px; margin: 5px 0px 15px; font-size: 16px; color: rgb(75, 75, 75); font-family: Lucida, helvetica, sans-serif; font-style: normal; font-variant: normal; font-weight: normal; letter-spacing: normal; orphans: auto; text-align: start; text-indent: 0px; text-transform: none; white-space: normal; widows: auto; word-spacing: 0px; -webkit-text-stroke-width: 0px; background-color: rgb(255, 255, 255);\"><font style=\"font-size: 14px;\">Supriadi juga menambahkan, dosen yang mengajar di PTS namun belum memiliki kualifikasi lulusan S2 &nbsp;bisa mengajukan beasiswa ke Kemdikbud. Ia menegaskan, tidak ada diskriminasi pemberian beasiswa antara dosen di PTS dengan PTN.</font></h5><h5 class=\"rtejustify\" style=\" line-height: 24px; margin: 5px 0px 15px; font-size: 16px; color: rgb(75, 75, 75); font-family: Lucida, helvetica, sans-serif; font-style: normal; font-variant: normal; font-weight: normal; letter-spacing: normal; orphans: auto; text-align: start; text-indent: 0px; text-transform: none; white-space: normal; widows: auto; word-spacing: 0px; -webkit-text-stroke-width: 0px; background-color: rgb(255, 255, 255);\"><font style=\"font-size: 14px;\">Ã¢â‚¬Å“Dosen itu dasarnya adalah Nomor Induk Dosen Nasional (NIDN). Perguruan tinggi negeri atau swasta karcisnya sama. Tidak dibeda-bedakan sama sekali. Jadi kalau antara negeri dan swasta, lebih banyak yang memanfaatkan beasiswa di perguruan tinggi negeri, itu tidak benar. Banyak dosen swasta yang dapat beasiswa S2 dan S3. Yang (beasiswa) keluar negeri juga banyak,Ã¢â‚¬Â ungkap Supriadi.</font></h5></blockquote>'),(7,'2014-01-26 12:45:39','Unas Masuk Deretan \"QS World Top Universities Rating\"','<strong style=\"color: rgb(75, 75, 75); font-family: Lucida, helvetica, sans-serif; font-size: 16px; font-style: normal; font-variant: normal; letter-spacing: normal; line-height: 24px; orphans: auto; text-align: start; text-indent: 0px; text-transform: none; white-space: normal; widows: auto; word-spacing: 0px; -webkit-text-stroke-width: 0px; background-color: rgb(255, 255, 255);\">JAKARTA,</strong><span style=\"color: rgb(75, 75, 75); font-family: Lucida, helvetica, sans-serif; font-size: 16px; font-style: normal; font-variant: normal; font-weight: normal; letter-spacing: normal; line-height: 24px; orphans: auto; text-align: start; text-indent: 0px; text-transform: none; white-space: normal; widows: auto; word-spacing: 0px; -webkit-text-stroke-width: 0px; background-color: rgb(255, 255, 255); display: inline !important; float: none;\"> Universitas Nasional (Unas) tahun ini masuk dalam deretan QS World Top Universities Rating 2013. Berbeda dengan prestasi sempat diraih pada 2011 lalu, kali ini Unas mendapatkan predikat dua bintang atau<span class=\"Apple-converted-space\">&nbsp;</span></span><em style=\"color: rgb(75, 75, 75); font-family: Lucida, helvetica, sans-serif; font-size: 16px; font-variant: normal; font-weight: normal; letter-spacing: normal; line-height: 24px; orphans: auto; text-align: start; text-indent: 0px; text-transform: none; white-space: normal; widows: auto; word-spacing: 0px; -webkit-text-stroke-width: 0px; background-color: rgb(255, 255, 255);\">Two Stars</em><span style=\"color: rgb(75, 75, 75); font-family: Lucida, helvetica, sans-serif; font-size: 16px; font-style: normal; font-variant: normal; font-weight: normal; letter-spacing: normal; line-height: 24px; orphans: auto; text-align: start; text-indent: 0px; text-transform: none; white-space: normal; widows: auto; word-spacing: 0px; -webkit-text-stroke-width: 0px; background-color: rgb(255, 255, 255); display: inline !important; float: none;\"><span class=\"Apple-converted-space\">&nbsp;</span>dari tujuh komponen penilaian yang ditetapkan.</span><br style=\"color: rgb(75, 75, 75); font-family: Lucida, helvetica, sans-serif; font-size: 16px; font-style: normal; font-variant: normal; font-weight: normal; letter-spacing: normal; line-height: 24px; orphans: auto; text-align: start; text-indent: 0px; text-transform: none; white-space: normal; widows: auto; word-spacing: 0px; -webkit-text-stroke-width: 0px; background-color: rgb(255, 255, 255);\"><br style=\"color: rgb(75, 75, 75); font-family: Lucida, helvetica, sans-serif; font-size: 16px; font-style: normal; font-variant: normal; font-weight: normal; letter-spacing: normal; line-height: 24px; orphans: auto; text-align: start; text-indent: 0px; text-transform: none; white-space: normal; widows: auto; word-spacing: 0px; -webkit-text-stroke-width: 0px; background-color: rgb(255, 255, 255);\"><span style=\"color: rgb(75, 75, 75); font-family: Lucida, helvetica, sans-serif; font-size: 16px; font-style: normal; font-variant: normal; font-weight: normal; letter-spacing: normal; line-height: 24px; orphans: auto; text-align: start; text-indent: 0px; text-transform: none; white-space: normal; widows: auto; word-spacing: 0px; -webkit-text-stroke-width: 0px; background-color: rgb(255, 255, 255); display: inline !important; float: none;\">Quacquarelli Symonds (QS) Star adalah lembaga internasional yang melakukan pemeringkatan universitas di seluruh Indonesia dan dilakukan setiap tiga tahun sekali. Universitas Nasional sendiri pertama kali masuk pada 2011 dan sukses mendapatkan predikat Ã¢â‚¬Å“One StarÃ¢â‚¬Â yang diserahkan dalam acara QS Stars Award Ceremony and The 7th APPLE Conference and Exhibition, di Universitas Santo Tomas Manila Pilipina.</span><br style=\"color: rgb(75, 75, 75); font-family: Lucida, helvetica, sans-serif; font-size: 16px; font-style: normal; font-variant: normal; font-weight: normal; letter-spacing: normal; line-height: 24px; orphans: auto; text-align: start; text-indent: 0px; text-transform: none; white-space: normal; widows: auto; word-spacing: 0px; -webkit-text-stroke-width: 0px; background-color: rgb(255, 255, 255);\"><br style=\"color: rgb(75, 75, 75); font-family: Lucida, helvetica, sans-serif; font-size: 16px; font-style: normal; font-variant: normal; font-weight: normal; letter-spacing: normal; line-height: 24px; orphans: auto; text-align: start; text-indent: 0px; text-transform: none; white-space: normal; widows: auto; word-spacing: 0px; -webkit-text-stroke-width: 0px; background-color: rgb(255, 255, 255);\"><span style=\"color: rgb(75, 75, 75); font-family: Lucida, helvetica, sans-serif; font-size: 16px; font-style: normal; font-variant: normal; font-weight: normal; letter-spacing: normal; line-height: 24px; orphans: auto; text-align: start; text-indent: 0px; text-transform: none; white-space: normal; widows: auto; word-spacing: 0px; -webkit-text-stroke-width: 0px; background-color: rgb(255, 255, 255); display: inline !important; float: none;\">\"Penilaian kali ini Unas mengalami peningkatan cukup drastis, terutama untuk bidang pengajaran dan riset. Tahun 2011 itu bidang pengajaran kita hanya mendapat satu bintang dan di penilaian 2013 bertambah menjadi tiga bintang,\" ujar Kepala Badan Penjaminan Mutu (BPM) Universitas Nasional, Eddy Guridno, di Kampus Unas, Jakarta, Rabu (8/1/2013) sore.</span><br style=\"color: rgb(75, 75, 75); font-family: Lucida, helvetica, sans-serif; font-size: 16px; font-style: normal; font-variant: normal; font-weight: normal; letter-spacing: normal; line-height: 24px; orphans: auto; text-align: start; text-indent: 0px; text-transform: none; white-space: normal; widows: auto; word-spacing: 0px; -webkit-text-stroke-width: 0px; background-color: rgb(255, 255, 255);\"><br style=\"color: rgb(75, 75, 75); font-family: Lucida, helvetica, sans-serif; font-size: 16px; font-style: normal; font-variant: normal; font-weight: normal; letter-spacing: normal; line-height: 24px; orphans: auto; text-align: start; text-indent: 0px; text-transform: none; white-space: normal; widows: auto; word-spacing: 0px; -webkit-text-stroke-width: 0px; background-color: rgb(255, 255, 255);\"><span style=\"color: rgb(75, 75, 75); font-family: Lucida, helvetica, sans-serif; font-size: 16px; font-style: normal; font-variant: normal; font-weight: normal; letter-spacing: normal; line-height: 24px; orphans: auto; text-align: start; text-indent: 0px; text-transform: none; white-space: normal; widows: auto; word-spacing: 0px; -webkit-text-stroke-width: 0px; background-color: rgb(255, 255, 255); display: inline !important; float: none;\">Eddy menuturkan, penelitian Unas telah mencapai 30 sub-judul yang berhasil masuk di index Scopus. Karena itulah, Unas langsung mendapatkan dua bintang.<span class=\"Apple-converted-space\">&nbsp;</span></span><br style=\"color: rgb(75, 75, 75); font-family: Lucida, helvetica, sans-serif; font-size: 16px; font-style: normal; font-variant: normal; font-weight: normal; letter-spacing: normal; line-height: 24px; orphans: auto; text-align: start; text-indent: 0px; text-transform: none; white-space: normal; widows: auto; word-spacing: 0px; -webkit-text-stroke-width: 0px; background-color: rgb(255, 255, 255);\"><br style=\"color: rgb(75, 75, 75); font-family: Lucida, helvetica, sans-serif; font-size: 16px; font-style: normal; font-variant: normal; font-weight: normal; letter-spacing: normal; line-height: 24px; orphans: auto; text-align: start; text-indent: 0px; text-transform: none; white-space: normal; widows: auto; word-spacing: 0px; -webkit-text-stroke-width: 0px; background-color: rgb(255, 255, 255);\"><span style=\"color: rgb(75, 75, 75); font-family: Lucida, helvetica, sans-serif; font-size: 16px; font-style: normal; font-variant: normal; font-weight: normal; letter-spacing: normal; line-height: 24px; orphans: auto; text-align: start; text-indent: 0px; text-transform: none; white-space: normal; widows: auto; word-spacing: 0px; -webkit-text-stroke-width: 0px; background-color: rgb(255, 255, 255); display: inline !important; float: none;\">\"Scopus merupakan indikator jurnal internasional yang mendunia. Bukan hal yang mudah masuk ke dalam index ini. Selain jurnal ilmiah yang memiliki kualitas tinggi, diperlukan juga kualitas reputasi dari penulis atau penelitinya,\" imbuh Eddy.</span><br style=\"color: rgb(75, 75, 75); font-family: Lucida, helvetica, sans-serif; font-size: 16px; font-style: normal; font-variant: normal; font-weight: normal; letter-spacing: normal; line-height: 24px; orphans: auto; text-align: start; text-indent: 0px; text-transform: none; white-space: normal; widows: auto; word-spacing: 0px; -webkit-text-stroke-width: 0px; background-color: rgb(255, 255, 255);\"><br style=\"color: rgb(75, 75, 75); font-family: Lucida, helvetica, sans-serif; font-size: 16px; font-style: normal; font-variant: normal; font-weight: normal; letter-spacing: normal; line-height: 24px; orphans: auto; text-align: start; text-indent: 0px; text-transform: none; white-space: normal; widows: auto; word-spacing: 0px; -webkit-text-stroke-width: 0px; background-color: rgb(255, 255, 255);\"><span style=\"color: rgb(75, 75, 75); font-family: Lucida, helvetica, sans-serif; font-size: 16px; font-style: normal; font-variant: normal; font-weight: normal; letter-spacing: normal; line-height: 24px; orphans: auto; text-align: start; text-indent: 0px; text-transform: none; white-space: normal; widows: auto; word-spacing: 0px; -webkit-text-stroke-width: 0px; background-color: rgb(255, 255, 255); display: inline !important; float: none;\">Dalam penilaian QS Star tersebut, Unas mendapat predikat Ã¢â‚¬ËœTwo StarsÃ¢â‚¬Â dengan kriteria masing Ã¢â‚¬â€œ masing. Untuk bidang<span class=\"Apple-converted-space\">&nbsp;</span></span><em style=\"color: rgb(75, 75, 75); font-family: Lucida, helvetica, sans-serif; font-size: 16px; font-variant: normal; font-weight: normal; letter-spacing: normal; line-height: 24px; orphans: auto; text-align: start; text-indent: 0px; text-transform: none; white-space: normal; widows: auto; word-spacing: 0px; -webkit-text-stroke-width: 0px; background-color: rgb(255, 255, 255);\">Teaching,</em><span style=\"color: rgb(75, 75, 75); font-family: Lucida, helvetica, sans-serif; font-size: 16px; font-style: normal; font-variant: normal; font-weight: normal; letter-spacing: normal; line-height: 24px; orphans: auto; text-align: start; text-indent: 0px; text-transform: none; white-space: normal; widows: auto; word-spacing: 0px; -webkit-text-stroke-width: 0px; background-color: rgb(255, 255, 255); display: inline !important; float: none;\">Unas mendapat tiga bintang. Sementara di bidang<span class=\"Apple-converted-space\">&nbsp;</span></span><em style=\"color: rgb(75, 75, 75); font-family: Lucida, helvetica, sans-serif; font-size: 16px; font-variant: normal; font-weight: normal; letter-spacing: normal; line-height: 24px; orphans: auto; text-align: start; text-indent: 0px; text-transform: none; white-space: normal; widows: auto; word-spacing: 0px; -webkit-text-stroke-width: 0px; background-color: rgb(255, 255, 255);\">Employability</em><span style=\"color: rgb(75, 75, 75); font-family: Lucida, helvetica, sans-serif; font-size: 16px; font-style: normal; font-variant: normal; font-weight: normal; letter-spacing: normal; line-height: 24px; orphans: auto; text-align: start; text-indent: 0px; text-transform: none; white-space: normal; widows: auto; word-spacing: 0px; -webkit-text-stroke-width: 0px; background-color: rgb(255, 255, 255); display: inline !important; float: none;\">perguruan tinggi swasta ini meraih satu bintang. Adapun di bisang<span class=\"Apple-converted-space\">&nbsp;</span></span><em style=\"color: rgb(75, 75, 75); font-family: Lucida, helvetica, sans-serif; font-size: 16px; font-variant: normal; font-weight: normal; letter-spacing: normal; line-height: 24px; orphans: auto; text-align: start; text-indent: 0px; text-transform: none; white-space: normal; widows: auto; word-spacing: 0px; -webkit-text-stroke-width: 0px; background-color: rgb(255, 255, 255);\">Research,</em><span style=\"color: rgb(75, 75, 75); font-family: Lucida, helvetica, sans-serif; font-size: 16px; font-style: normal; font-variant: normal; font-weight: normal; letter-spacing: normal; line-height: 24px; orphans: auto; text-align: start; text-indent: 0px; text-transform: none; white-space: normal; widows: auto; word-spacing: 0px; -webkit-text-stroke-width: 0px; background-color: rgb(255, 255, 255); display: inline !important; float: none;\"><span class=\"Apple-converted-space\">&nbsp;</span>Unas mendapat dua bintang, diikuti bidang</span><em style=\"color: rgb(75, 75, 75); font-family: Lucida, helvetica, sans-serif; font-size: 16px; font-variant: normal; font-weight: normal; letter-spacing: normal; line-height: 24px; orphans: auto; text-align: start; text-indent: 0px; text-transform: none; white-space: normal; widows: auto; word-spacing: 0px; -webkit-text-stroke-width: 0px; background-color: rgb(255, 255, 255);\">Internationalization</em><span style=\"color: rgb(75, 75, 75); font-family: Lucida, helvetica, sans-serif; font-size: 16px; font-style: normal; font-variant: normal; font-weight: normal; letter-spacing: normal; line-height: 24px; orphans: auto; text-align: start; text-indent: 0px; text-transform: none; white-space: normal; widows: auto; word-spacing: 0px; -webkit-text-stroke-width: 0px; background-color: rgb(255, 255, 255); display: inline !important; float: none;\"><span class=\"Apple-converted-space\">&nbsp;</span>sebanyak satu bintang, bidang<span class=\"Apple-converted-space\">&nbsp;</span></span><em style=\"color: rgb(75, 75, 75); font-family: Lucida, helvetica, sans-serif; font-size: 16px; font-variant: normal; font-weight: normal; letter-spacing: normal; line-height: 24px; orphans: auto; text-align: start; text-indent: 0px; text-transform: none; white-space: normal; widows: auto; word-spacing: 0px; -webkit-text-stroke-width: 0px; background-color: rgb(255, 255, 255);\">Facilities</em><span style=\"color: rgb(75, 75, 75); font-family: Lucida, helvetica, sans-serif; font-size: 16px; font-style: normal; font-variant: normal; font-weight: normal; letter-spacing: normal; line-height: 24px; orphans: auto; text-align: start; text-indent: 0px; text-transform: none; white-space: normal; widows: auto; word-spacing: 0px; -webkit-text-stroke-width: 0px; background-color: rgb(255, 255, 255); display: inline !important; float: none;\">empat bintang,<span class=\"Apple-converted-space\">&nbsp;</span></span><em style=\"color: rgb(75, 75, 75); font-family: Lucida, helvetica, sans-serif; font-size: 16px; font-variant: normal; font-weight: normal; letter-spacing: normal; line-height: 24px; orphans: auto; text-align: start; text-indent: 0px; text-transform: none; white-space: normal; widows: auto; word-spacing: 0px; -webkit-text-stroke-width: 0px; background-color: rgb(255, 255, 255);\">Engagement</em><span style=\"color: rgb(75, 75, 75); font-family: Lucida, helvetica, sans-serif; font-size: 16px; font-style: normal; font-variant: normal; font-weight: normal; letter-spacing: normal; line-height: 24px; orphans: auto; text-align: start; text-indent: 0px; text-transform: none; white-space: normal; widows: auto; word-spacing: 0px; -webkit-text-stroke-width: 0px; background-color: rgb(255, 255, 255); display: inline !important; float: none;\"><span class=\"Apple-converted-space\">&nbsp;</span>dua bintang, dan bidang<span class=\"Apple-converted-space\">&nbsp;</span></span><em style=\"color: rgb(75, 75, 75); font-family: Lucida, helvetica, sans-serif; font-size: 16px; font-variant: normal; font-weight: normal; letter-spacing: normal; line-height: 24px; orphans: auto; text-align: start; text-indent: 0px; text-transform: none; white-space: normal; widows: auto; word-spacing: 0px; -webkit-text-stroke-width: 0px; background-color: rgb(255, 255, 255);\">Access</em><span style=\"color: rgb(75, 75, 75); font-family: Lucida, helvetica, sans-serif; font-size: 16px; font-style: normal; font-variant: normal; font-weight: normal; letter-spacing: normal; line-height: 24px; orphans: auto; text-align: start; text-indent: 0px; text-transform: none; white-space: normal; widows: auto; word-spacing: 0px; -webkit-text-stroke-width: 0px; background-color: rgb(255, 255, 255); display: inline !important; float: none;\">sebanyak lima bintang.<span class=\"Apple-converted-space\">&nbsp;</span></span><br style=\"color: rgb(75, 75, 75); font-family: Lucida, helvetica, sans-serif; font-size: 16px; font-style: normal; font-variant: normal; font-weight: normal; letter-spacing: normal; line-height: 24px; orphans: auto; text-align: start; text-indent: 0px; text-transform: none; white-space: normal; widows: auto; word-spacing: 0px; -webkit-text-stroke-width: 0px; background-color: rgb(255, 255, 255);\"><br style=\"color: rgb(75, 75, 75); font-family: Lucida, helvetica, sans-serif; font-size: 16px; font-style: normal; font-variant: normal; font-weight: normal; letter-spacing: normal; line-height: 24px; orphans: auto; text-align: start; text-indent: 0px; text-transform: none; white-space: normal; widows: auto; word-spacing: 0px; -webkit-text-stroke-width: 0px; background-color: rgb(255, 255, 255);\"><span style=\"color: rgb(75, 75, 75); font-family: Lucida, helvetica, sans-serif; font-size: 16px; font-style: normal; font-variant: normal; font-weight: normal; letter-spacing: normal; line-height: 24px; orphans: auto; text-align: start; text-indent: 0px; text-transform: none; white-space: normal; widows: auto; word-spacing: 0px; -webkit-text-stroke-width: 0px; background-color: rgb(255, 255, 255); display: inline !important; float: none;\">\"Ini hasil kerja keras kami dalam melakukan praktik baik penjaminan mutu internal dan tentunya ini memberi banyak dampak positif untuk mendorong setiap unit kerja untuk menata unitnya lebih kompetitif dan meningkatkan semangat mahasiswa, dosen serta seluruh pihak,\" ujarnya.</span><br style=\"color: rgb(75, 75, 75); font-family: Lucida, helvetica, sans-serif; font-size: 16px; font-style: normal; font-variant: normal; font-weight: normal; letter-spacing: normal; line-height: 24px; orphans: auto; text-align: start; text-indent: 0px; text-transform: none; white-space: normal; widows: auto; word-spacing: 0px; -webkit-text-stroke-width: 0px; background-color: rgb(255, 255, 255);\"><br style=\"color: rgb(75, 75, 75); font-family: Lucida, helvetica, sans-serif; font-size: 16px; font-style: normal; font-variant: normal; font-weight: normal; letter-spacing: normal; line-height: 24px; orphans: auto; text-align: start; text-indent: 0px; text-transform: none; white-space: normal; widows: auto; word-spacing: 0px; -webkit-text-stroke-width: 0px; background-color: rgb(255, 255, 255);\"><span style=\"color: rgb(75, 75, 75); font-family: Lucida, helvetica, sans-serif; font-size: 16px; font-style: normal; font-variant: normal; font-weight: normal; letter-spacing: normal; line-height: 24px; orphans: auto; text-align: start; text-indent: 0px; text-transform: none; white-space: normal; widows: auto; word-spacing: 0px; -webkit-text-stroke-width: 0px; background-color: rgb(255, 255, 255); display: inline !important; float: none;\">Sebelumnya, di akhir 2013 lalu, Unas juga meraih gelar sebagai Perguruan Tinggi Swasta (PTS) Unggulan tingkat Kopertis Wilayah III pada akhir 2013 lalu. Meski baru pertama kali ikut serta dalam pemilihan, Unas langsung memboyong dua piala sekaligus, yaitu untuk kategori pembelajaran dan tata kelola penjaminan mutu.</span>'),(9,'2014-01-26 12:52:40','Panduan Pembayaran Biaya Kuliah','<p style=\"margin: 0px; padding: 15px 0px 0px; color: rgb(0, 0, 0); font-family: Arial, Helvetica, Georgia, sans-serif; font-size: 12px; font-style: normal; font-variant: normal; font-weight: normal; letter-spacing: normal; line-height: 18px; orphans: auto; text-align: left; text-indent: 0px; text-transform: none; white-space: normal; widows: auto; word-spacing: 0px; -webkit-text-stroke-width: 0px; background-color: rgb(255, 255, 255);\">Disampaikan kepada semua mahasiswa Universitas Udayana bahwa Pembayaran Biaya Kuliah di Universitas Udayana mulai semester Genap Tahun Ajaran 2013/2014 ini dilaksanakan mulai tanggal 13 Januari sampai dengan 3 Pebruari 2014. Adapun penyelengaraan pembayarannya dilakukan melalui Bank BNI 46. Pembayaran dapat dilakukan melalui setoran tunai di seluruh cabang Bank BNI maupun melalui seluruh ATM BNI maupun ATM Bersama.</p><p style=\"margin: 0px; padding: 15px 0px 0px; color: rgb(0, 0, 0); font-family: Arial, Helvetica, Georgia, sans-serif; font-size: 12px; font-style: normal; font-variant: normal; font-weight: normal; letter-spacing: normal; line-height: 18px; orphans: auto; text-align: left; text-indent: 0px; text-transform: none; white-space: normal; widows: auto; word-spacing: 0px; -webkit-text-stroke-width: 0px; background-color: rgb(255, 255, 255);\">Untuk kelancaran pelayanan pembayaran Biaya Kuliah, Bank BNI melayani pembayaran melalui outlet yang dibuka di Gedung Widyasabha Kampus Bukit Jimbaran.</p><p style=\"margin: 0px; padding: 15px 0px 0px; color: rgb(0, 0, 0); font-family: Arial, Helvetica, Georgia, sans-serif; font-size: 12px; font-style: normal; font-variant: normal; font-weight: normal; letter-spacing: normal; line-height: 18px; orphans: auto; text-align: left; text-indent: 0px; text-transform: none; white-space: normal; widows: auto; word-spacing: 0px; -webkit-text-stroke-width: 0px; background-color: rgb(255, 255, 255);\">Panduan tata cara pembayaran dapat di download pada link berikut :<br><a href=\"http://www.unud.ac.id/ind/wp-content/uploads/2014/01/Virtual-Account-Udayana-BNI.pdf\" class=\"broken_link\" style=\"text-decoration: none; color: rgb(210, 99, 2);\">Virtual-Account Universitas Udayana</a></p>'),(10,'2014-01-26 12:55:04','Google Apps for Education Forum Bali, 23 April 2013','<p style=\"margin: 0px; padding: 15px 0px 0px; color: rgb(0, 0, 0); font-family: Arial, Helvetica, Georgia, sans-serif; font-size: 12px; font-style: normal; font-variant: normal; font-weight: normal; letter-spacing: normal; line-height: 18px; orphans: auto; text-align: left; text-indent: 0px; text-transform: none; white-space: normal; widows: auto; word-spacing: 0px; -webkit-text-stroke-width: 0px; background-color: rgb(255, 255, 255);\">Google mengundang Mahasiswa Universitas Udayana&nbsp; untuk menghadiri acara Google Apps for Education ID Forum. Di acara khusus untuk institusi pendidikan ini, Anda dapat mendengar sharing, melihat demo dan berdiskusi sehubungan dengan perangkat kolaborasi dan komunikasi berbasis teknologi komputasi awan dari Google.<span class=\"Apple-converted-space\">&nbsp;</span><strong id=\"yui_3_7_2_1_1365668227941_1759\">Untuk informasi lebih lanjut mengenai Google Apps for Education silakan lihat video ini:&nbsp;</strong><a id=\"yui_3_7_2_1_1365668227941_1697\" href=\"http://www.youtube.com/watch?v=dtpQfk441nc\" rel=\"nofollow\" target=\"_blank\" style=\"text-decoration: none; color: rgb(0, 0, 0);\"><strong id=\"yui_3_7_2_1_1365668227941_1696\">http://www.youtube.com/watch?v=dtpQfk441nc</strong></a></p><p style=\"margin: 0px; padding: 15px 0px 0px; color: rgb(0, 0, 0); font-family: Arial, Helvetica, Georgia, sans-serif; font-size: 12px; font-style: normal; font-variant: normal; font-weight: normal; letter-spacing: normal; line-height: 18px; orphans: auto; text-align: left; text-indent: 0px; text-transform: none; white-space: normal; widows: auto; word-spacing: 0px; -webkit-text-stroke-width: 0px; background-color: rgb(255, 255, 255);\">Kami menginformasikan perubahan jadwal acara&nbsp;Google Apps for Education ID Forum di Bali, yang sebelumnya rencana diadakan pada&nbsp;tanggal 19 Maret 2013, akan diselenggarakan pada:</p><p style=\"margin: 0px; padding: 15px 0px 0px; color: rgb(0, 0, 0); font-family: Arial, Helvetica, Georgia, sans-serif; font-size: 12px; font-style: normal; font-variant: normal; font-weight: normal; letter-spacing: normal; line-height: 18px; orphans: auto; text-align: left; text-indent: 0px; text-transform: none; white-space: normal; widows: auto; word-spacing: 0px; -webkit-text-stroke-width: 0px; background-color: rgb(255, 255, 255);\"><strong id=\"yui_3_7_2_1_1365668227941_1305\">Hari/Tanggal:</strong><span class=\"Apple-converted-space\">&nbsp;</span>Selasa, 23 April 2013<br>Tempat: Gedung DH Ruang D101,&nbsp;Jurusan Teknik Elektro Fakultas Teknik Universitas Udayana,&nbsp;Kampus Bukit Jimbaran Badung Bali,<strong>&nbsp;</strong><a id=\"yui_3_7_2_1_1365668227941_1756\" href=\"http://goo.gl/3U2Fc\" rel=\"nofollow\" target=\"_blank\" style=\"text-decoration: none; color: rgb(0, 0, 0);\">http://goo.gl/3U2Fc</a></p><p style=\"margin: 0px; padding: 15px 0px 0px; color: rgb(0, 0, 0); font-family: Arial, Helvetica, Georgia, sans-serif; font-size: 12px; font-style: normal; font-variant: normal; font-weight: normal; letter-spacing: normal; line-height: 18px; orphans: auto; text-align: left; text-indent: 0px; text-transform: none; white-space: normal; widows: auto; word-spacing: 0px; -webkit-text-stroke-width: 0px; background-color: rgb(255, 255, 255);\"><strong id=\"yui_3_7_2_1_1365668227941_1780\">Waktu:</strong><span class=\"Apple-converted-space\">&nbsp;</span>09.00 - 15.30</p><p style=\"margin: 0px; padding: 15px 0px 0px; color: rgb(0, 0, 0); font-family: Arial, Helvetica, Georgia, sans-serif; font-size: 12px; font-style: normal; font-variant: normal; font-weight: normal; letter-spacing: normal; line-height: 18px; orphans: auto; text-align: left; text-indent: 0px; text-transform: none; white-space: normal; widows: auto; word-spacing: 0px; -webkit-text-stroke-width: 0px; background-color: rgb(255, 255, 255);\"><strong id=\"yui_3_7_2_1_1365668227941_1603\">Susunan Acara</strong><br>09:00 &nbsp; Opening by MC<br>09:05 &nbsp; Opening by Rektor UNUD<br>09:15 &nbsp; Overview Apps Edu &amp; Case Study/Demo<br>10:30 &nbsp; How to Use Google Apps for Education in your Campus<br>11:30 &nbsp; Lunch/break time<br>13:00 &nbsp; Try-out Apps &amp; Group Games<br>14:00 &nbsp; Going Google: Change Management<br>14:30 &nbsp; Sign Up Offer<br>15:30 &nbsp; Closing</p><div style=\"color: rgb(0, 0, 0); font-family: Arial, Helvetica, Georgia, sans-serif; font-size: 12px; font-style: normal; font-variant: normal; font-weight: normal; letter-spacing: normal; line-height: 18px; orphans: auto; text-align: left; text-indent: 0px; text-transform: none; white-space: normal; widows: auto; word-spacing: 0px; -webkit-text-stroke-width: 0px; background-color: rgb(255, 255, 255);\">Demi kelancaran kegiatan acara, Bapak/Ibu diharapkan mempersiapkan:</div><div id=\"yui_3_7_2_1_1365668227941_1692\" style=\"color: rgb(0, 0, 0); font-family: Arial, Helvetica, Georgia, sans-serif; font-size: 12px; font-style: normal; font-variant: normal; font-weight: normal; letter-spacing: normal; line-height: 18px; orphans: auto; text-align: left; text-indent: 0px; text-transform: none; white-space: normal; widows: auto; word-spacing: 0px; -webkit-text-stroke-width: 0px; background-color: rgb(255, 255, 255);\"><ul id=\"yui_3_7_2_1_1365668227941_1761\"><li id=\"yui_3_7_2_1_1365668227941_1760\">Laptop</li><li>Google Account (untuk keperluan demo)</li><li>Akses untuk DNS dan FTP dari domain kampus masing-masing.</li></ul><div id=\"yui_3_7_2_1_1365668227941_1779\">- Bagi Bapak/Ibu yang<span class=\"Apple-converted-space\">&nbsp;</span><strong>sudah pernah melakukan registrasi</strong>, untuk mengkonfirmasi kehadiran, silakan reply email ini.</div><div id=\"yui_3_7_2_1_1365668227941_1778\">- Bagi Bapak/Ibu<span class=\"Apple-converted-space\">&nbsp;</span><strong id=\"yui_3_7_2_1_1365668227941_1777\">belum melaksanakan registrasi</strong>, silakan isi form registrasi di<span class=\"Apple-converted-space\">&nbsp;</span><a href=\"https://docs.google.com/spreadsheet/viewform?formkey=dFJmVkFaR01OYnZWd3pLcC1KRWtZS2c6MA\" rel=\"nofollow\" target=\"_blank\" style=\"text-decoration: none; color: rgb(0, 0, 0);\"><strong>sini</strong></a>.</div></div><p style=\"margin: 0px; padding: 15px 0px 0px; color: rgb(0, 0, 0); font-family: Arial, Helvetica, Georgia, sans-serif; font-size: 12px; font-style: normal; font-variant: normal; font-weight: normal; letter-spacing: normal; line-height: 18px; orphans: auto; text-align: left; text-indent: 0px; text-transform: none; white-space: normal; widows: auto; word-spacing: 0px; -webkit-text-stroke-width: 0px; background-color: rgb(255, 255, 255);\">Informasi lebih lanjut silakan kunjungi website kami di&nbsp;<a href=\"https://sites.google.com/site/gappsforeduidevent/\" rel=\"nofollow\" target=\"_blank\" style=\"text-decoration: none; color: rgb(0, 0, 0);\">sini</a>&nbsp;atau hubungi Kiki/Cahya, 021 ÃƒÂ¢Ã¢â€šÂ¬Ã¢â‚¬Å“ 3517065, email:&nbsp;<a id=\"yui_3_7_2_1_1365668227941_1775\" href=\"http://us.mg3.mail.yahoo.com/neo/compose?to=cahya@kibar.co.id\" rel=\"nofollow\" target=\"_blank\" style=\"text-decoration: none; color: rgb(0, 0, 0);\">cahya@kibar.co.id</a>.</p>'),(11,'2014-01-26 12:57:14','Pengumuman Pengisian Form UKT Khusus Mahasiswa Baru Program Reguler Ber-SKS Angkatan 2013','<p style=\"margin: 0px; padding: 15px 0px 0px; color: rgb(0, 0, 0); font-family: Arial, Helvetica, Georgia, sans-serif; font-size: 12px; font-style: normal; font-variant: normal; font-weight: normal; letter-spacing: normal; line-height: 18px; orphans: auto; text-align: left; text-indent: 0px; text-transform: none; white-space: normal; widows: auto; word-spacing: 0px; -webkit-text-stroke-width: 0px; background-color: rgb(255, 255, 255);\">Diumumkan kepada seluruh mahasiswa Baru Program Reguler BerSKS Angkatan 2013 bahwa dalam rangka penentuan pembayaran biaya pendidikan dengan UKT untuk Semester genap Tahun Akademik 2013/2014, maka kami mengharapkan kesediaan saudara/i untuk segera mengisi Form UKT dengan kriteria sebagai berikut :</p><p style=\"margin: 0px; padding: 15px 0px 0px; color: rgb(0, 0, 0); font-family: Arial, Helvetica, Georgia, sans-serif; font-size: 12px; font-style: normal; font-variant: normal; font-weight: normal; letter-spacing: normal; line-height: 18px; orphans: auto; text-align: left; text-indent: 0px; text-transform: none; white-space: normal; widows: auto; word-spacing: 0px; -webkit-text-stroke-width: 0px; background-color: rgb(255, 255, 255);\">1. Pengisian dilakukan secara online pada laman :<span class=\"Apple-converted-space\">&nbsp;</span><a title=\"Pengisian Form UKT\" href=\"http://ukt.unud.ac.id/\" target=\"_blank\" style=\"text-decoration: none; color: rgb(210, 99, 2);\">http://ukt.unud.ac.id</a></p><p style=\"margin: 0px; padding: 15px 0px 0px; color: rgb(0, 0, 0); font-family: Arial, Helvetica, Georgia, sans-serif; font-size: 12px; font-style: normal; font-variant: normal; font-weight: normal; letter-spacing: normal; line-height: 18px; orphans: auto; text-align: left; text-indent: 0px; text-transform: none; white-space: normal; widows: auto; word-spacing: 0px; -webkit-text-stroke-width: 0px; background-color: rgb(255, 255, 255);\">2. Melakukan proses login dengan menggunakan NIM sebagai Usernama dan Tanggal Lahir sebgai password.</p><p style=\"margin: 0px; padding: 15px 0px 0px; color: rgb(0, 0, 0); font-family: Arial, Helvetica, Georgia, sans-serif; font-size: 12px; font-style: normal; font-variant: normal; font-weight: normal; letter-spacing: normal; line-height: 18px; orphans: auto; text-align: left; text-indent: 0px; text-transform: none; white-space: normal; widows: auto; word-spacing: 0px; -webkit-text-stroke-width: 0px; background-color: rgb(255, 255, 255);\">3. Pengisian UKT paling lambat sampai dengan tanggal 11 Januari 2014.</p><p style=\"margin: 0px; padding: 15px 0px 0px; color: rgb(0, 0, 0); font-family: Arial, Helvetica, Georgia, sans-serif; font-size: 12px; font-style: normal; font-variant: normal; font-weight: normal; letter-spacing: normal; line-height: 18px; orphans: auto; text-align: left; text-indent: 0px; text-transform: none; white-space: normal; widows: auto; word-spacing: 0px; -webkit-text-stroke-width: 0px; background-color: rgb(255, 255, 255);\">4. Apabila terjadi masalah dalam pengisian agar menghubungi Bagian Puskom Unud dengan No. telp. (0361)701954 ext. 113/234</p><p style=\"margin: 0px; padding: 15px 0px 0px; color: rgb(0, 0, 0); font-family: Arial, Helvetica, Georgia, sans-serif; font-size: 12px; font-style: normal; font-variant: normal; font-weight: normal; letter-spacing: normal; line-height: 18px; orphans: auto; text-align: left; text-indent: 0px; text-transform: none; white-space: normal; widows: auto; word-spacing: 0px; -webkit-text-stroke-width: 0px; background-color: rgb(255, 255, 255);\">Demikian dapat kami informasikan untuk segera dilaksanakan.</p><p style=\"margin: 0px; padding: 15px 0px 0px; color: rgb(0, 0, 0); font-family: Arial, Helvetica, Georgia, sans-serif; font-size: 12px; font-style: normal; font-variant: normal; font-weight: normal; letter-spacing: normal; line-height: 18px; orphans: auto; text-align: left; text-indent: 0px; text-transform: none; white-space: normal; widows: auto; word-spacing: 0px; -webkit-text-stroke-width: 0px; background-color: rgb(255, 255, 255);\">&nbsp;</p><p style=\"margin: 0px; padding: 15px 0px 0px; color: rgb(0, 0, 0); font-family: Arial, Helvetica, Georgia, sans-serif; font-size: 12px; font-style: normal; font-variant: normal; font-weight: normal; letter-spacing: normal; line-height: 18px; orphans: auto; text-align: left; text-indent: 0px; text-transform: none; white-space: normal; widows: auto; word-spacing: 0px; -webkit-text-stroke-width: 0px; background-color: rgb(255, 255, 255);\">An. Rektor<br>Pembantu Rektor 1</p>'),(12,'2014-01-26 12:57:47','Pemberitahuan Perpanjangan Pengisian Data UKT bagi Mahasiswa Program Reguler Jalur SNMPTN dan Mahasiswa Program Ekstensi dan Diploma Angkatan 2013','<p style=\"margin: 0px; padding: 15px 0px 0px; color: rgb(0, 0, 0); font-family: Arial, Helvetica, Georgia, sans-serif; font-size: 12px; font-style: normal; font-variant: normal; font-weight: normal; letter-spacing: normal; line-height: 18px; orphans: auto; text-align: left; text-indent: 0px; text-transform: none; white-space: normal; widows: auto; word-spacing: 0px; -webkit-text-stroke-width: 0px; background-color: rgb(255, 255, 255);\">Bersama ini diberitahukan kepada seluruh mahasiswa angkatan 2013 program reguler jalur penerimaan SNMPTN dan mahasiswa program ekstensi dan diploma yang belum&nbsp; melakukan pengisian data UKT secara online di alamat https://ukt.unud.ac.id diberikan kesempatan&nbsp; perpanjangan&nbsp; mulai tanggal 9 s.d 11 Januari 2014. Apabila ada mahasiswa yang belum mengisikan sampai batas waktu terakhir tgl. 11 Januari 2014 pukul 24.00 WITA, maka secara otomatis dikenakan UKT pada kelompok 5.&nbsp; Download informasi detail&nbsp;&nbsp;<span class=\"Apple-converted-space\">&nbsp;</span><a href=\"http://www.unud.ac.id/ind/pemberitahuan-pengisian-data-ukt-bagi-mahasiswa-program-reguler-jalur-snmptn-dan-mahasiswa-program-ekstensi-dan-diploma-angkatan-2013.html/formulir_isian_ukt\" style=\"text-decoration: none; color: rgb(210, 99, 2);\">formulir_isian_ukt</a></p><p style=\"margin: 0px; padding: 15px 0px 0px; color: rgb(0, 0, 0); font-family: Arial, Helvetica, Georgia, sans-serif; font-size: 12px; font-style: normal; font-variant: normal; font-weight: normal; letter-spacing: normal; line-height: 18px; orphans: auto; text-align: left; text-indent: 0px; text-transform: none; white-space: normal; widows: auto; word-spacing: 0px; -webkit-text-stroke-width: 0px; background-color: rgb(255, 255, 255);\">&nbsp;</p><p style=\"margin: 0px; padding: 15px 0px 0px; color: rgb(0, 0, 0); font-family: Arial, Helvetica, Georgia, sans-serif; font-size: 12px; font-style: normal; font-variant: normal; font-weight: normal; letter-spacing: normal; line-height: 18px; orphans: auto; text-align: left; text-indent: 0px; text-transform: none; white-space: normal; widows: auto; word-spacing: 0px; -webkit-text-stroke-width: 0px; background-color: rgb(255, 255, 255);\">An. Pembantu Rektor II,</p><p style=\"margin: 0px; padding: 15px 0px 0px; color: rgb(0, 0, 0); font-family: Arial, Helvetica, Georgia, sans-serif; font-size: 12px; font-style: normal; font-variant: normal; font-weight: normal; letter-spacing: normal; line-height: 18px; orphans: auto; text-align: left; text-indent: 0px; text-transform: none; white-space: normal; widows: auto; word-spacing: 0px; -webkit-text-stroke-width: 0px; background-color: rgb(255, 255, 255);\">Ka. BAUK,</p><p style=\"margin: 0px; padding: 15px 0px 0px; color: rgb(0, 0, 0); font-family: Arial, Helvetica, Georgia, sans-serif; font-size: 12px; font-style: normal; font-variant: normal; font-weight: normal; letter-spacing: normal; line-height: 18px; orphans: auto; text-align: left; text-indent: 0px; text-transform: none; white-space: normal; widows: auto; word-spacing: 0px; -webkit-text-stroke-width: 0px; background-color: rgb(255, 255, 255);\">ttd</p><p style=\"margin: 0px; padding: 15px 0px 0px; color: rgb(0, 0, 0); font-family: Arial, Helvetica, Georgia, sans-serif; font-size: 12px; font-style: normal; font-variant: normal; font-weight: normal; letter-spacing: normal; line-height: 18px; orphans: auto; text-align: left; text-indent: 0px; text-transform: none; white-space: normal; widows: auto; word-spacing: 0px; -webkit-text-stroke-width: 0px; background-color: rgb(255, 255, 255);\">I Wayan Antara</p>'),(13,'2014-01-26 21:49:44','Beasiswa LPDP untuk S-2 ','<p style=\"padding: 0px; margin: 0px; outline: none; list-style: none; border: 0px none; color: rgb(51, 51, 51); font-family: \'Droid Sans\', Arial, Verdana, sans-serif; font-size: 13px; font-style: normal; font-variant: normal; font-weight: normal; letter-spacing: normal; line-height: normal; orphans: auto; text-indent: 0px; text-transform: none; white-space: normal; widows: auto; word-spacing: 0px; -webkit-text-stroke-width: 0px; text-align: justify;\">Pemerintah Indonesia melalui Lembaga Pengelola Dana Pendidikan (LPDP) menyediakan dana beasiswa untuk ribuan mahasiswa yang hendak melanjutkan studi S-2 dan S-3 di kampus dalam dan luar negeri.<span id=\"more-3560\" style=\"padding: 0px; margin: 0px; outline: none; list-style: none; border: 0px none;\"></span></p><p style=\"padding: 0px; margin: 0px; outline: none; list-style: none; border: 0px none; color: rgb(51, 51, 51); font-family: \'Droid Sans\', Arial, Verdana, sans-serif; font-size: 13px; font-style: normal; font-variant: normal; font-weight: normal; letter-spacing: normal; line-height: normal; orphans: auto; text-indent: 0px; text-transform: none; white-space: normal; widows: auto; word-spacing: 0px; -webkit-text-stroke-width: 0px; text-align: justify;\">Beasiswa LPDP ini difokuskan pada enam bidang keilmuan yang mendukung program Masterplan Percepatan dan Perluasan Pembangunan Ekonomi (MP3EI) yakni teknik, sains, pertanian, akuntansi/ keuangan, hukum dan agama.</p><p style=\"padding: 0px; margin: 0px; outline: none; list-style: none; border: 0px none; color: rgb(51, 51, 51); font-family: \'Droid Sans\', Arial, Verdana, sans-serif; font-size: 13px; font-style: normal; font-variant: normal; font-weight: normal; letter-spacing: normal; line-height: normal; orphans: auto; text-indent: 0px; text-transform: none; white-space: normal; widows: auto; word-spacing: 0px; -webkit-text-stroke-width: 0px; text-align: justify;\">Pendaftaran dilakukan secara<span class=\"Apple-converted-space\">&nbsp;</span><em style=\"padding: 0px; margin: 0px; outline: none; list-style: none; border: 0px none;\">online</em><span class=\"Apple-converted-space\">&nbsp;</span>di<span class=\"Apple-converted-space\">&nbsp;</span><a href=\"http://www.beasiswalpdp.org/\" style=\"padding: 0px; margin: 0px; outline: none; list-style: none; border: 0px none; color: rgb(0, 0, 0); text-decoration: none; transition: all 0.2s ease-in-out; -webkit-transition: all 0.2s ease-in-out;\"><strong style=\"padding: 0px; margin: 0px; outline: none; list-style: none; border: 0px none;\">laman LPDP</strong></a>. Penerima beasiswa LPDP harus memahami dan menyetujui persyaratan dan ketentuan beasiswa, yakni menyelesaikan studi maksimal dalam dua tahun untuk program Magister, dan empat tahun untuk program Doktor.</p><p style=\"padding: 0px; margin: 0px; outline: none; list-style: none; border: 0px none; color: rgb(51, 51, 51); font-family: \'Droid Sans\', Arial, Verdana, sans-serif; font-size: 13px; font-style: normal; font-variant: normal; font-weight: normal; letter-spacing: normal; line-height: normal; orphans: auto; text-align: start; text-indent: 0px; text-transform: none; white-space: normal; widows: auto; word-spacing: 0px; -webkit-text-stroke-width: 0px;\">Pelamar harus sudah memiliki gelar S-1 untuk mendaftar ke jenjang S-2, berusia maksimal 35 tahun dan memiliki nilai IPK minimal 3,00 (skala 4). Pelamar S-3 harus memiliki ijazah S-2, usia maksimal 40 tahun dan memiliki nilai IPK minimal 3,25 (skala 4).</p><p style=\"padding: 0px; margin: 0px; outline: none; list-style: none; border: 0px none; color: rgb(51, 51, 51); font-family: \'Droid Sans\', Arial, Verdana, sans-serif; font-size: 13px; font-style: normal; font-variant: normal; font-weight: normal; letter-spacing: normal; line-height: normal; orphans: auto; text-align: start; text-indent: 0px; text-transform: none; white-space: normal; widows: auto; word-spacing: 0px; -webkit-text-stroke-width: 0px;\">Pelamar jenjang S-2 harus memiliki nilai TOEFL ITP minimal 500, sedangkan pelamar jenjang S-3 harus memiliki nilai TOEFL PBT minimal 550 atau yang setara untuk studi pada program Magister/Doktor di perguruan tinggi luar negeri dan/atau telah memiliki Letter of Acceptance (LOA).</p><p style=\"padding: 0px; margin: 0px; outline: none; list-style: none; border: 0px none; color: rgb(51, 51, 51); font-family: \'Droid Sans\', Arial, Verdana, sans-serif; font-size: 13px; font-style: normal; font-variant: normal; font-weight: normal; letter-spacing: normal; line-height: normal; orphans: auto; text-align: start; text-indent: 0px; text-transform: none; white-space: normal; widows: auto; word-spacing: 0px; -webkit-text-stroke-width: 0px;\">Pelamar harus memilih program studi dan/atau perguruan tinggi yang direkomendasikan oleh LPDP. Pelamar juga harus mengunggah esai dengan tema ÃƒÂ¢Ã¢â€šÂ¬Ã…â€œPeranku bagi IndonesiaÃƒÂ¢Ã¢â€šÂ¬Ã‚Â atau ÃƒÂ¢Ã¢â€šÂ¬Ã…â€œSukses terbesar dalam hidupkuÃƒÂ¢Ã¢â€šÂ¬Ã‚Â. Lampiran lainnya adalah rencana studi untuk program Magister.</p><p style=\"padding: 0px; margin: 0px; outline: none; list-style: none; border: 0px none; color: rgb(51, 51, 51); font-family: \'Droid Sans\', Arial, Verdana, sans-serif; font-size: 13px; font-style: normal; font-variant: normal; font-weight: normal; letter-spacing: normal; line-height: normal; orphans: auto; text-align: start; text-indent: 0px; text-transform: none; white-space: normal; widows: auto; word-spacing: 0px; -webkit-text-stroke-width: 0px;\">Sementara itu, dokumen pendukung yang perlu disiapkan adalah:<br style=\"padding: 0px; margin: 0px; outline: none; list-style: none; border: 0px none;\">1. Cetak Formulir Pendaftaran<span class=\"Apple-converted-space\">&nbsp;</span><em style=\"padding: 0px; margin: 0px; outline: none; list-style: none; border: 0px none;\">online</em><br style=\"padding: 0px; margin: 0px; outline: none; list-style: none; border: 0px none;\">2. Ijazah dan Transkrip Asli<br style=\"padding: 0px; margin: 0px; outline: none; list-style: none; border: 0px none;\">3. Sertifikat TOEFL/IELTS/TOAFL dan yang setara<br style=\"padding: 0px; margin: 0px; outline: none; list-style: none; border: 0px none;\">4. Sertifikat Prestasi<br style=\"padding: 0px; margin: 0px; outline: none; list-style: none; border: 0px none;\">5. Surat Pernyataan Tidak Pernah Terlibat Tindakan Melanggar Hukum<br style=\"padding: 0px; margin: 0px; outline: none; list-style: none; border: 0px none;\">6. Surat Pernyataan Tidak Pernah Terlibat Tindakan Melanggar Kode Etik Akademik<br style=\"padding: 0px; margin: 0px; outline: none; list-style: none; border: 0px none;\">7. Surat Pernyataan mengabdi Kepada Kepentingan Bangsa Indonesia<br style=\"padding: 0px; margin: 0px; outline: none; list-style: none; border: 0px none;\">8. Surat Pernyataan Tidak Menerima Beasiswa dari Sumber lain<br style=\"padding: 0px; margin: 0px; outline: none; list-style: none; border: 0px none;\">9. Surat Izin Belajar dari atasan bagi yang sedang bekerja<br style=\"padding: 0px; margin: 0px; outline: none; list-style: none; border: 0px none;\">10. Surat Keterangan dari tokoh masyarakat bagi yang belum/tidak sedang bekerja<br style=\"padding: 0px; margin: 0px; outline: none; list-style: none; border: 0px none;\">11. Esai</p>');

/*Table structure for table `programs` */

DROP TABLE IF EXISTS `programs`;

CREATE TABLE `programs` (
  `id` bigint(20) NOT NULL AUTO_INCREMENT,
  `name` varchar(100) NOT NULL,
  `curriculum_id` bigint(20) DEFAULT NULL,
  PRIMARY KEY (`id`)
) ENGINE=InnoDB AUTO_INCREMENT=46 DEFAULT CHARSET=latin1;

/*Data for the table `programs` */

insert  into `programs`(`id`,`name`,`curriculum_id`) values (39,'Sistem Komputer dan Informasi',22),(40,'Teknologi Informasi',22),(41,'Teknik Arsitektur',24),(45,'Teknologi Informasi',24);

/*Table structure for table `references` */

DROP TABLE IF EXISTS `references`;

CREATE TABLE `references` (
  `id` bigint(20) NOT NULL AUTO_INCREMENT,
  `content` text,
  PRIMARY KEY (`id`)
) ENGINE=InnoDB AUTO_INCREMENT=17 DEFAULT CHARSET=latin1;

/*Data for the table `references` */

insert  into `references`(`id`,`content`) values (1,'Joseph Schmuller, Teach Yourself UML in 24 HoursÃ‚Â, SAMS'),(2,'Sebesta, R.W., Programming the World Wide Web, Addison Wesley, 2002'),(7,'Hall, M.,Core Web Programming, Prentice Hall, 1998'),(8,'Bradley, N., The XML Companion 2/e, Addison-Wesley, 2000'),(9,'Bradley, N., The XML Companion, Addison-Wesley, 2000'),(10,'Staab, Steffen, Semantic Web and Peer to Peer, Springer-Verlag, Berlin, 2006'),(14,'Pranata, A. 2005. Algoritma dan Pemrograman. Yogyakarta: Penerbit Graha Ilmu'),(15,'Kendall & Kendall, System Analysis and Design, Pearson Education Inc., New Jersey, 2002'),(16,'Roger R. Pressman, Software Enginering : A Practioners Approach, RS. Presmann and Assosiation, 2001');

/*Table structure for table `resources` */

DROP TABLE IF EXISTS `resources`;

CREATE TABLE `resources` (
  `id` bigint(20) NOT NULL AUTO_INCREMENT,
  `name` varchar(100) DEFAULT NULL,
  PRIMARY KEY (`id`)
) ENGINE=InnoDB AUTO_INCREMENT=14 DEFAULT CHARSET=latin1;

/*Data for the table `resources` */

insert  into `resources`(`id`,`name`) values (1,'Kursi Mahasiswa'),(2,'Kursi Dosen'),(3,'Proyektor'),(4,'Papan Tulis'),(5,'Meja'),(6,'LCD'),(7,'Komputer'),(8,'LED TV'),(9,'Penghapus Papan Tulis'),(10,'Silabus, SAP'),(11,'Kontrak Perkuliahan'),(12,'Textbook'),(13,'Slide Presentasi');

/*Table structure for table `stages` */

DROP TABLE IF EXISTS `stages`;

CREATE TABLE `stages` (
  `id` bigint(20) NOT NULL AUTO_INCREMENT,
  `label` varchar(50) DEFAULT NULL,
  PRIMARY KEY (`id`)
) ENGINE=InnoDB AUTO_INCREMENT=8 DEFAULT CHARSET=latin1;

/*Data for the table `stages` */

insert  into `stages`(`id`,`label`) values (1,'Pembukaan'),(2,'Penutup'),(4,'Penyajian'),(5,'Post Test'),(7,'Pendahuluan');

/*Table structure for table `standard_competencies` */

DROP TABLE IF EXISTS `standard_competencies`;

CREATE TABLE `standard_competencies` (
  `id` bigint(20) NOT NULL AUTO_INCREMENT,
  `content` text,
  `subject_id` bigint(20) DEFAULT NULL,
  PRIMARY KEY (`id`)
) ENGINE=InnoDB DEFAULT CHARSET=latin1;

/*Data for the table `standard_competencies` */

/*Table structure for table `subjects` */

DROP TABLE IF EXISTS `subjects`;

CREATE TABLE `subjects` (
  `id` bigint(20) NOT NULL AUTO_INCREMENT,
  `name` varchar(100) DEFAULT NULL,
  `code` varchar(50) DEFAULT NULL,
  `semester` int(11) DEFAULT NULL,
  `credit_units` tinyint(4) DEFAULT NULL,
  `type` tinyint(4) DEFAULT '0' COMMENT '0=>Umum, 1=>Wajib, 2=>Pilihan',
  `lecturer_id` bigint(20) DEFAULT NULL,
  `parent_id` bigint(20) DEFAULT NULL COMMENT 'if type = umum then parent_id<->curriculum_id else parent_id<->program_id',
  PRIMARY KEY (`id`)
) ENGINE=InnoDB AUTO_INCREMENT=61 DEFAULT CHARSET=latin1;

/*Data for the table `subjects` */

insert  into `subjects`(`id`,`name`,`code`,`semester`,`credit_units`,`type`,`lecturer_id`,`parent_id`) values (43,'Basis Data','TI10332',4,3,0,NULL,22),(44,'Algoritma','TI021204',1,2,1,NULL,39),(45,'Pemrograman','TI021305',1,3,1,NULL,39),(46,'Pengantar Sistem dan Teknologi Informasi','TI021306',1,3,1,NULL,39),(47,'Praktikum Basis Data','TI022116',2,1,1,NULL,39),(48,'Konsep Basis Data','TI021307',1,3,1,NULL,39),(49,'Agama Hindu','TI022209',1,2,1,4,39),(50,'Pengembangan Media Digital','TI022211',1,2,2,NULL,39),(51,'Interaksi Manusia Komputer','TI022255',1,2,2,NULL,39),(52,'Interpersonal dan Life Skill','TI023318',3,3,1,NULL,39),(53,'Rekayasa Perangkat Lunak','TI023321',3,3,1,NULL,39),(54,'Manajemen Jaringan dan Server','TI023322',1,3,2,NULL,39),(55,'Praktikum Manajemen Jaringan dan Server','TI024321',1,1,2,NULL,40),(56,'Kebijakan TI','TI024328',4,3,1,NULL,40),(57,'Arsitektur SIstem dan Teknologi Informasi','TI023219',3,2,1,NULL,40),(58,'Analisis Sistem dan Desain','TI024326',4,3,1,NULL,40),(59,'Teknologi Basis Data','TI022313',3,1,0,NULL,22),(60,'Management Support System','023320',3,3,0,NULL,22);

/*Table structure for table `users` */

DROP TABLE IF EXISTS `users`;

CREATE TABLE `users` (
  `id` bigint(20) NOT NULL AUTO_INCREMENT,
  `username` varchar(100) NOT NULL,
  `password` varchar(100) NOT NULL,
  `level` tinyint(4) NOT NULL,
  PRIMARY KEY (`id`)
) ENGINE=InnoDB AUTO_INCREMENT=17 DEFAULT CHARSET=latin1;

/*Data for the table `users` */

insert  into `users`(`id`,`username`,`password`,`level`) values (1,'admin','21232f297a57a5a743894a0e4a801fc3',0),(4,'dosen4','d3a0a76dd6fe8e4935d0f3bcc8b9ca63',1),(5,'dosen5','9cc22c7f0fbb92caa139ded4f21ff8c8',1),(6,'dosen6','f69a646c8a381ffaed5bebf07f54140f',1),(7,'dosen7','18c9e8bd420a5ef7ae7e1bcf1f99c821',1),(8,'dosen8','60d798e2f838f76aff3d26f5bd3786c6',1),(9,'dosen9','a213de416c8555d633fef4b216b7ede5',1),(10,'dosen10','1d4ffd7dfc3557693533b14d54327f46',1),(11,'dosen11','2cf10dca06a03b19936c504fa9372e6b',1),(12,'dosen12','e3c164233cc2d3813b8e109a83ada31c',1),(13,'dosen13','b7f67720bb20c559c0b8e2322eae6b51',1),(14,'dosen14','45347f1d26e464620d21785b62236221',1),(15,'dosen15','622502d772dcd7dfa87682e1323e7c88',1),(16,'dosen16','8e2da6434223c601392aa6eb09bc9991',1);

/*!40101 SET SQL_MODE=@OLD_SQL_MODE */;
/*!40014 SET FOREIGN_KEY_CHECKS=@OLD_FOREIGN_KEY_CHECKS */;
/*!40014 SET UNIQUE_CHECKS=@OLD_UNIQUE_CHECKS */;
/*!40111 SET SQL_NOTES=@OLD_SQL_NOTES */;
